VBCSCompilerPreWarmer: watching VBCSCompiler (PID 23856)
VBCSCompilerPreWarmer: pre-warm launched (dotnet PID 24924)
VBCSCompiler prewarm took 114.87 ms
[Licensing::Module] Trying to connect to existing licensing client channel...
Built from '6000.6/staging' branch; Version is '6000.6.3f1 (45d8eee7de74) revision 4577518'; Using compiler version '194234433'; Build Type 'Release'
[Licensing::IpcConnector] Successfully connected to: "LicenseClient-khet3" at "2026-09-27T12:59:03.0611311Z"
OS: 'Windows 11  (10.0.26200) Professional' Language: 'en' Physical Memory: 16190 MB
BatchMode: 1, IsHumanControllingUs: 0, StartBugReporterOnCrash: 0, Is64bit: 1
System  architecture: x64
Process architecture: x64
Date: 2026-09-27T12:59:03Z
[Licensing::Client] Code 10 while verifying Licensing Client signature (process Id: 24636, path: "C:/Program Files/Unity Hub/UnityLicensingClient_V1/Unity.Licensing.Client.exe")
[Licensing::Module] LicensingClient has failed validation; ignoring
[Licensing::Client] Handshaking with LicensingClient:
  Version:                 1.18.3+d7ffd15
  Session Id:              c699606a00814b2ca2e46b3fe6ca7cb0
  Correlation Id:          7cc6d8b31e462110b8f858017984b8e4
  External correlation Id: 7488564710212094713
  Machine Id:              kneJ2TiEx4aAIkr7zBxvyaQeccs=
[Licensing::Module] Successfully connected to LicensingClient on channel: "LicenseClient-khet3" (connect: 0.00s, validation: 0.02s, handshake: 0.31s)
[Licensing::IpcConnector] Successfully connected to: "LicenseClient-khet3-notifications" at "2026-09-27T12:59:03.3943837Z"
[Licensing::Module] Error: Access token is unavailable; failed to update
[Licensing::Client] Successfully resolved entitlement details
[Licensing::Module] License group:
  Id: 11270717080740-UnityPersXXXX
  Product: Unity Personal
  Type: Assigned
  Expiration: Unlimited
[Licensing::Client] Successfully updated license, isAsync: True, time: 0.02
[Licensing::Client] Successfully resolved entitlement details
[Licensing::Module] Licensing Background thread has ended after 0.50s

COMMAND LINE ARGUMENTS:
C:\Program Files\Unity\Hub\Editor\6000.6.3f1\Editor\Unity.exe
-batchmode
-projectPath
D:\2026\Florah\VR-powered predictive analytics\VRLab
-executeMethod
VRLab.EditorTools.ConfigureURP.Apply
-quit
-logFile
D:\2026\Florah\VR-powered predictive analytics\unity-urp.log
Successfully changed project path to: D:\2026\Florah\VR-powered predictive analytics\VRLab
D:/2026/Florah/VR-powered predictive analytics/VRLab
[UnityMemory] Configuration Parameters - Can be set up in boot.config
    "memorysetup-temp-allocator-size-gi-baking-worker=262144"
    "memorysetup-temp-allocator-size-gi-baking-worker=262144"
    "memorysetup-temp-allocator-size-gi-baking-worker=262144"
    "memorysetup-temp-allocator-size-gi-baking-worker=262144"
    "memorysetup-temp-allocator-size-gi-baking-worker=262144"
    "memorysetup-temp-allocator-size-nav-mesh-worker=65536"
    "memorysetup-temp-allocator-size-audio-worker=65536"
    "memorysetup-temp-allocator-size-cloud-worker=32768"
    "memorysetup-temp-allocator-size-gfx=262144"
    "memorysetup-remapper-allocator-initial-capacity=32768"
    "memorysetup-temp-allocator-size-preload-manager=33554432"
    "memorysetup-allocator-temp-initial-block-size-main=262144"
    "memorysetup-allocator-temp-initial-block-size-worker=262144"
    "memorysetup-temp-allocator-size-job-worker=262144"
    "memorysetup-temp-allocator-size-background-worker=32768"
    "memorysetup-bucket-allocator-granularity=16"
    "memorysetup-bucket-allocator-bucket-count=8"
    "memorysetup-bucket-allocator-block-size=33554432"
    "memorysetup-bucket-allocator-block-count=8"
    "memorysetup-main-allocator-block-size=16777216"
    "memorysetup-thread-allocator-block-size=16777216"
    "memorysetup-main-allocator-mimalloc-enabled=1"
    "memorysetup-gfx-main-allocator-block-size=16777216"
    "memorysetup-gfx-thread-allocator-block-size=16777216"
    "memorysetup-cache-allocator-block-size=4194304"
    "memorysetup-typetree-allocator-block-size=2097152"
    "memorysetup-profiler-bucket-allocator-granularity=16"
    "memorysetup-profiler-bucket-allocator-bucket-count=8"
    "memorysetup-profiler-bucket-allocator-block-size=33554432"
    "memorysetup-profiler-bucket-allocator-block-count=8"
    "memorysetup-profiler-allocator-block-size=16777216"
    "memorysetup-profiler-editor-allocator-block-size=1048576"
    "memorysetup-temp-allocator-size-main=16777216"
    "memorysetup-job-temp-allocator-block-size=2097152"
    "memorysetup-job-temp-allocator-block-size-background=1048576"
    "memorysetup-job-temp-allocator-reduction-small-platforms=262144"
Logging is directed to a specific file, skipping project log.
Player connection [3908]  Target information:

Player connection [3908]  * "[IP] 172.31.80.1 [Port] 55504 [Flags] 2 [Guid] 2747368675 [EditorId] 2747368675 [Version] 1048832 [Id] WindowsEditor(7,KHET360-HO-01) [Debug] 1 [PackageName] WindowsEditor [ProjectName] Editor" 

Player connection [3908]  * "[IP] 172.23.0.1 [Port] 55504 [Flags] 2 [Guid] 2747368675 [EditorId] 2747368675 [Version] 1048832 [Id] WindowsEditor(7,KHET360-HO-01) [Debug] 1 [PackageName] WindowsEditor [ProjectName] Editor" 

Player connection [3908]  * "[IP] 192.168.7.101 [Port] 55504 [Flags] 2 [Guid] 2747368675 [EditorId] 2747368675 [Version] 1048832 [Id] WindowsEditor(7,KHET360-HO-01) [Debug] 1 [PackageName] WindowsEditor [ProjectName] Editor" 

Player connection [3908] Host joined multi-casting on [225.0.0.222:54997]...
Player connection [3908] Host joined alternative multi-casting on [225.0.0.222:34997]...
Input System module state changed to: Initialized.
[Physics::Module] Initialized fallback backend.
[Physics::Module] Id: 0xdecafbad
[Package Manager] Connected to IPC stream "Upm-35480" after 3.1 seconds.
[Licensing::Client] Successfully resolved entitlement details
Library Redirect Path: Library/
Initialising UDS system complete:
  - System type: Client
  - Resource namespace: 6ad9f8c4f985ef941a822ec521755a12
  - Shared memory size: 1073741824
  - Command buffer id: 1052576
  - Command buffer size: 8192
  - Hashmap size: 4194304
  - Service connected: false
Launching Unity Data Store - C:/Program Files/Unity/Hub/Editor/6000.6.3f1/Editor/Data/Tools/Unity.DataStore.exe 
Unity Data Store artifact dir = Library/DataStore, working dir = D:/2026/Florah/VR-powered predictive analytics/VRLabUnity Data Store running and initialised
Refreshing native plugins compatible for Editor in 3.78 ms, found 0 plugins.
[Physics::Module] Selected backend (deferred post-plugins).
[Physics::Module] Name: PhysX
[Physics::Module] Id: 0xf2b8ea05
[Physics::Module] SDK Version: 4.1.2
[Physics::Module] Integration Version: 1.0.0
[Physics::Module] Threading Mode: Multi-Threaded
Initialize engine version: 6000.6.3f1 (45d8eee7de74)
[EntityIdStore] init: VM path (explicit commit), pageSize=4096, blockCount=1048576, entitiesPerBlock=256, slots reserved=4294967296 bytes
[Subsystems] Discovering subsystems at path C:/Program Files/Unity/Hub/Editor/6000.6.3f1/Editor/Data/Resources/UnitySubsystems
[Subsystems] Discovering subsystems at path D:/2026/Florah/VR-powered predictive analytics/VRLab/Assets
GfxDevice: creating device client; kGfxThreadingModeNonThreaded
d3d12: failed to query info queue interface (0x80004002).
Direct3D:
    Version:         Direct3D 12 [level 12.0]
    Renderer:        AMD Radeon Pro WX3200 Graphics (ID=0x6981)
    Vendor:          ATI
    VRAM:            4075 MB
    App VRAM Budget: 3464 MB
    Driver:          31.0.21018.23005
Initialize mono
Mono path[0] = 'C:/Program Files/Unity/Hub/Editor/6000.6.3f1/Editor/Data/Managed'
Mono path[1] = 'C:/Program Files/Unity/Hub/Editor/6000.6.3f1/Editor/Data/BCLExtensions/runtime/netstandard2.1'
Mono path[2] = 'C:/Program Files/Unity/Hub/Editor/6000.6.3f1/Editor/Data/MonoBleedingEdge/lib/mono/unityjit-win32'
Mono config path = 'C:/Program Files/Unity/Hub/Editor/6000.6.3f1/Editor/Data/MonoBleedingEdge/etc'
Using monoOptions --debugger-agent=transport=dt_socket,embedding=1,server=y,suspend=n,address=127.0.0.1:56480
CodeReloadManager initialized
ImportWorker Server TCP listen port: 0
AcceleratorClientConnectionCallback - disconnected - :0
Begin MonoManager ReloadAssembly
Registering precompiled unity dll's ...
Register platform support module: C:/Program Files/Unity/Hub/Editor/6000.6.3f1/Editor/Data/PlaybackEngines/WebGLSupport/UnityEditor.WebGL.Extensions.dll
Register platform support module: C:/Program Files/Unity/Hub/Editor/6000.6.3f1/Editor/Data/PlaybackEngines/WindowsStandaloneSupport/UnityEditor.WindowsStandalone.Extensions.dll
Registered in 0.007193 seconds.
Native extension for WindowsStandalone target not found
Native extension for WebGL target not found
Package Manager log level set to [2]
ScheduleIndexationOnStartup MainProcess:False IndexOnStartup:True
Scripting: successfully reloaded assembly
- Finished resetting the current domain, in  3.024 seconds
Domain Reload Profiling: 6190ms
	BeginReloadAssembly (806ms)
		CreateAndSetChildDomain (39ms)
	RebuildCommonClasses (30ms)
	RebuildNativeTypeToScriptingClass (91ms)
	initialDomainReloadingComplete (392ms)
	LoadAllAssembliesAndSetupDomain (1841ms)
		LoadAssemblies (756ms)
		TypeCache.Refresh (1410ms)
			TypeCache.ScanAssembly (1345ms)
		AnalyzeDomain (2ms)
	FinalizeReload (3029ms)
		SetupLoadedEditorAssemblies (0ms)
			LogAssemblyErrors (6ms)
			InitializePlatformSupportModulesInManaged (36ms)
			BeforeProcessingInitializeOnLoad (456ms)
			ProcessInitializeOnLoadAttributes (570ms)
			ProcessInitializeOnLoadMethodAttributes (831ms)
[Licensing::Client] Successfully resolved entitlement details
Application.AssetDatabase Initial Refresh Start
[Package Manager] Restoring resolved packages state from cache
[Licensing::Client] Successfully resolved entitlement details
[Package Manager] Registered 65 packages:
  Packages from [https://packages.unity.com]:
    com.unity.ide.rider@3.0.38 (location: D:\2026\Florah\VR-powered predictive analytics\VRLab\Library\PackageCache\com.unity.ide.rider@1f60b3138684)
    com.unity.ide.visualstudio@2.0.26 (location: D:\2026\Florah\VR-powered predictive analytics\VRLab\Library\PackageCache\com.unity.ide.visualstudio@a99d56dec63f)
    com.unity.nuget.newtonsoft-json@3.2.1 (location: D:\2026\Florah\VR-powered predictive analytics\VRLab\Library\PackageCache\com.unity.nuget.newtonsoft-json@74deb55db2a0)
    com.unity.xr.interaction.toolkit@3.6.1 (location: D:\2026\Florah\VR-powered predictive analytics\VRLab\Library\PackageCache\com.unity.xr.interaction.toolkit@530ce2e6c59e)
    com.unity.xr.management@4.5.3 (location: D:\2026\Florah\VR-powered predictive analytics\VRLab\Library\PackageCache\com.unity.xr.management@574ebfb1e976)
    com.unity.xr.openxr@1.18.0 (location: D:\2026\Florah\VR-powered predictive analytics\VRLab\Library\PackageCache\com.unity.xr.openxr@b5b77b4027be)
    com.unity.inputsystem@1.20.0 (location: D:\2026\Florah\VR-powered predictive analytics\VRLab\Library\PackageCache\com.unity.inputsystem@7a4e1a2a8194)
    com.unity.xr.core-utils@2.6.0 (location: D:\2026\Florah\VR-powered predictive analytics\VRLab\Library\PackageCache\com.unity.xr.core-utils@a8b900321199)
    com.unity.xr.legacyinputhelpers@3.0.1 (location: D:\2026\Florah\VR-powered predictive analytics\VRLab\Library\PackageCache\com.unity.xr.legacyinputhelpers@3f62d634f63b)
    com.unity.ai.inference@2.6.1 (location: D:\2026\Florah\VR-powered predictive analytics\VRLab\Library\PackageCache\com.unity.ai.inference@9a123aee5df7)
    com.unity.dt.app-ui@2.1.11 (location: D:\2026\Florah\VR-powered predictive analytics\VRLab\Library\PackageCache\com.unity.dt.app-ui@cd5609b130ce)
    com.unity.searcher@4.9.5 (location: D:\2026\Florah\VR-powered predictive analytics\VRLab\Library\PackageCache\com.unity.searcher@a463122f2c00)
    com.unity.profiling.core@1.0.3 (location: D:\2026\Florah\VR-powered predictive analytics\VRLab\Library\PackageCache\com.unity.profiling.core@8a49f7027d06)
    com.unity.nuget.mono-cecil@1.11.6 (location: D:\2026\Florah\VR-powered predictive analytics\VRLab\Library\PackageCache\com.unity.nuget.mono-cecil@ecb9724e46ff)
  Built-in packages:
    com.unity.render-pipelines.universal@17.6.0 (location: D:\2026\Florah\VR-powered predictive analytics\VRLab\Library\PackageCache\com.unity.render-pipelines.universal@327d93d1cbc8)
    com.unity.sentis@2.2.0 (location: D:\2026\Florah\VR-powered predictive analytics\VRLab\Library\PackageCache\com.unity.sentis@a226596ebe9f)
    com.unity.ugui@2.6.0 (location: D:\2026\Florah\VR-powered predictive analytics\VRLab\Library\PackageCache\com.unity.ugui@0727b404f3a0)
    com.unity.modules.accessibility@1.0.0 (location: D:\2026\Florah\VR-powered predictive analytics\VRLab\Library\PackageCache\com.unity.modules.accessibility)
    com.unity.modules.adaptiveperformance@1.0.0 (location: D:\2026\Florah\VR-powered predictive analytics\VRLab\Library\PackageCache\com.unity.modules.adaptiveperformance)
    com.unity.modules.ai@1.0.0 (location: D:\2026\Florah\VR-powered predictive analytics\VRLab\Library\PackageCache\com.unity.modules.ai)
    com.unity.modules.androidjni@1.0.0 (location: D:\2026\Florah\VR-powered predictive analytics\VRLab\Library\PackageCache\com.unity.modules.androidjni)
    com.unity.modules.animation@1.0.0 (location: D:\2026\Florah\VR-powered predictive analytics\VRLab\Library\PackageCache\com.unity.modules.animation)
    com.unity.modules.assetbundle@1.0.0 (location: D:\2026\Florah\VR-powered predictive analytics\VRLab\Library\PackageCache\com.unity.modules.assetbundle)
    com.unity.modules.audio@1.0.0 (location: D:\2026\Florah\VR-powered predictive analytics\VRLab\Library\PackageCache\com.unity.modules.audio)
    com.unity.modules.cloth@1.0.0 (location: D:\2026\Florah\VR-powered predictive analytics\VRLab\Library\PackageCache\com.unity.modules.cloth)
    com.unity.modules.director@1.0.0 (location: D:\2026\Florah\VR-powered predictive analytics\VRLab\Library\PackageCache\com.unity.modules.director)
    com.unity.modules.imageconversion@1.0.0 (location: D:\2026\Florah\VR-powered predictive analytics\VRLab\Library\PackageCache\com.unity.modules.imageconversion)
    com.unity.modules.imgui@1.0.0 (location: D:\2026\Florah\VR-powered predictive analytics\VRLab\Library\PackageCache\com.unity.modules.imgui)
    com.unity.modules.jsonserialize@1.0.0 (location: D:\2026\Florah\VR-powered predictive analytics\VRLab\Library\PackageCache\com.unity.modules.jsonserialize)
    com.unity.modules.particlesystem@1.0.0 (location: D:\2026\Florah\VR-powered predictive analytics\VRLab\Library\PackageCache\com.unity.modules.particlesystem)
    com.unity.modules.physics@1.0.0 (location: D:\2026\Florah\VR-powered predictive analytics\VRLab\Library\PackageCache\com.unity.modules.physics)
    com.unity.modules.physics2d@1.0.0 (location: D:\2026\Florah\VR-powered predictive analytics\VRLab\Library\PackageCache\com.unity.modules.physics2d)
    com.unity.modules.physicscore2d@1.0.0 (location: D:\2026\Florah\VR-powered predictive analytics\VRLab\Library\PackageCache\com.unity.modules.physicscore2d)
    com.unity.modules.screencapture@1.0.0 (location: D:\2026\Florah\VR-powered predictive analytics\VRLab\Library\PackageCache\com.unity.modules.screencapture)
    com.unity.modules.terrain@1.0.0 (location: D:\2026\Florah\VR-powered predictive analytics\VRLab\Library\PackageCache\com.unity.modules.terrain)
    com.unity.modules.terrainphysics@1.0.0 (location: D:\2026\Florah\VR-powered predictive analytics\VRLab\Library\PackageCache\com.unity.modules.terrainphysics)
    com.unity.modules.tetgen@1.0.0 (location: D:\2026\Florah\VR-powered predictive analytics\VRLab\Library\PackageCache\com.unity.modules.tetgen)
    com.unity.modules.tilemap@1.0.0 (location: D:\2026\Florah\VR-powered predictive analytics\VRLab\Library\PackageCache\com.unity.modules.tilemap)
    com.unity.modules.timelinefoundation@1.0.0 (location: D:\2026\Florah\VR-powered predictive analytics\VRLab\Library\PackageCache\com.unity.modules.timelinefoundation)
    com.unity.modules.ui@1.0.0 (location: D:\2026\Florah\VR-powered predictive analytics\VRLab\Library\PackageCache\com.unity.modules.ui)
    com.unity.modules.uielements@1.0.0 (location: D:\2026\Florah\VR-powered predictive analytics\VRLab\Library\PackageCache\com.unity.modules.uielements)
    com.unity.modules.umbra@1.0.0 (location: D:\2026\Florah\VR-powered predictive analytics\VRLab\Library\PackageCache\com.unity.modules.umbra)
    com.unity.modules.unityanalytics@1.0.0 (location: D:\2026\Florah\VR-powered predictive analytics\VRLab\Library\PackageCache\com.unity.modules.unityanalytics)
    com.unity.modules.unitywebrequest@1.0.0 (location: D:\2026\Florah\VR-powered predictive analytics\VRLab\Library\PackageCache\com.unity.modules.unitywebrequest)
    com.unity.modules.unitywebrequestassetbundle@1.0.0 (location: D:\2026\Florah\VR-powered predictive analytics\VRLab\Library\PackageCache\com.unity.modules.unitywebrequestassetbundle)
    com.unity.modules.unitywebrequestaudio@1.0.0 (location: D:\2026\Florah\VR-powered predictive analytics\VRLab\Library\PackageCache\com.unity.modules.unitywebrequestaudio)
    com.unity.modules.unitywebrequesttexture@1.0.0 (location: D:\2026\Florah\VR-powered predictive analytics\VRLab\Library\PackageCache\com.unity.modules.unitywebrequesttexture)
    com.unity.modules.unitywebrequestwww@1.0.0 (location: D:\2026\Florah\VR-powered predictive analytics\VRLab\Library\PackageCache\com.unity.modules.unitywebrequestwww)
    com.unity.modules.vectorgraphics@1.0.0 (location: D:\2026\Florah\VR-powered predictive analytics\VRLab\Library\PackageCache\com.unity.modules.vectorgraphics)
    com.unity.modules.vehicles@1.0.0 (location: D:\2026\Florah\VR-powered predictive analytics\VRLab\Library\PackageCache\com.unity.modules.vehicles)
    com.unity.modules.video@1.0.0 (location: D:\2026\Florah\VR-powered predictive analytics\VRLab\Library\PackageCache\com.unity.modules.video)
    com.unity.modules.wind@1.0.0 (location: D:\2026\Florah\VR-powered predictive analytics\VRLab\Library\PackageCache\com.unity.modules.wind)
    com.unity.modules.xr@1.0.0 (location: D:\2026\Florah\VR-powered predictive analytics\VRLab\Library\PackageCache\com.unity.modules.xr)
    com.unity.modules.subsystems@1.0.0 (location: D:\2026\Florah\VR-powered predictive analytics\VRLab\Library\PackageCache\com.unity.modules.subsystems)
    com.unity.modules.hierarchycore@1.0.0 (location: D:\2026\Florah\VR-powered predictive analytics\VRLab\Library\PackageCache\com.unity.modules.hierarchycore)
    com.unity.mathematics@1.4.0 (location: D:\2026\Florah\VR-powered predictive analytics\VRLab\Library\PackageCache\com.unity.mathematics@8306a64d0cd6)
    com.unity.render-pipelines.core@17.6.0 (location: D:\2026\Florah\VR-powered predictive analytics\VRLab\Library\PackageCache\com.unity.render-pipelines.core@02d75770e4b3)
    com.unity.shadergraph@17.6.0 (location: D:\2026\Florah\VR-powered predictive analytics\VRLab\Library\PackageCache\com.unity.shadergraph@1dd0fd24b57e)
    com.unity.render-pipelines.universal-config@17.6.0 (location: D:\2026\Florah\VR-powered predictive analytics\VRLab\Library\PackageCache\com.unity.render-pipelines.universal-config@561422b74439)
    com.unity.test-framework@1.8.0 (location: D:\2026\Florah\VR-powered predictive analytics\VRLab\Library\PackageCache\com.unity.test-framework@80f691d4262b)
    com.unity.ext.nunit@2.1.0 (location: D:\2026\Florah\VR-powered predictive analytics\VRLab\Library\PackageCache\com.unity.ext.nunit@0198eae3b53e)
    com.unity.burst@2.0.0 (location: D:\2026\Florah\VR-powered predictive analytics\VRLab\Library\PackageCache\com.unity.burst@626e66ab421b)
    com.unity.collections@6.6.0 (location: D:\2026\Florah\VR-powered predictive analytics\VRLab\Library\PackageCache\com.unity.collections@10fff0607388)
    com.unity.graph-authoring@1.0.0 (location: D:\2026\Florah\VR-powered predictive analytics\VRLab\Library\PackageCache\com.unity.graph-authoring@cfd2588851ee)
    com.unity.test-framework.performance@6.6.0 (location: D:\2026\Florah\VR-powered predictive analytics\VRLab\Library\PackageCache\com.unity.test-framework.performance@b6023decb532)
[Package Manager] com.unity.sentis is deprecated: This package is no longer supported on this editor version. Use com.unity.ai.inference instead.
[Subsystems] Looking for new subsystems at path D:\2026\Florah\VR-powered predictive analytics\VRLab\Library\PackageCache\com.unity.xr.openxr@b5b77b4027be
[Subsystems] Novel subsystem found at Library/PackageCache/com.unity.xr.openxr@b5b77b4027be/Runtime/UnitySubsystemsManifest.json
[Subsystems] Discovering subsystems at path C:/Program Files/Unity/Hub/Editor/6000.6.3f1/Editor/Data/Resources/UnitySubsystems
[Subsystems] Discovering subsystems at path D:/2026/Florah/VR-powered predictive analytics/VRLab/Assets
[Subsystems] Discovering subsystems at path D:\2026\Florah\VR-powered predictive analytics\VRLab\Library\PackageCache\com.unity.xr.openxr@b5b77b4027be
[Subsystems] No descriptors matched for  examples in Library/PackageCache/com.unity.xr.openxr@b5b77b4027be/Runtime/UnitySubsystemsManifest.json.
[Subsystems] 1 'inputs' descriptors matched in Library/PackageCache/com.unity.xr.openxr@b5b77b4027be/Runtime/UnitySubsystemsManifest.json
[Subsystems] 1 'displays' descriptors matched in Library/PackageCache/com.unity.xr.openxr@b5b77b4027be/Runtime/UnitySubsystemsManifest.json
[Subsystems] No descriptors matched for  meshings in Library/PackageCache/com.unity.xr.openxr@b5b77b4027be/Runtime/UnitySubsystemsManifest.json.
[Package Manager] Done registering packages in 0.13 seconds
[ScriptCompilation] Requested script compilation because: AssetDatabase observed changes in script compilation related files
Starting: C:\Program Files\Unity\Hub\Editor\6000.6.3f1\Editor\Data\Tools\BuildPipeline\bee_backend.exe --ipc --defer-dag-verification --dagfile="Library/Bee/1900b0aE.dag" --continue-on-failure --profile="Library/Bee/backend1.traceevents" ScriptAssemblies
WorkingDir: D:/2026/Florah/VR-powered predictive analytics/VRLab
DisplayProgressbar: Compiling Scripts
ExitCode: 4 Duration: 1s293ms
[1023/1342  0s] ILPP-Configuration Library/ilpp-configuration.nevergeneratedoutput
Rebuilding DAG because FileSignature timestamp changed: Library/Bee/1900b0aE-inputdata.json
*** Tundra requires additional run (1.06 seconds), 1 items updated, 1023 evaluated
Starting: C:\Program Files\Unity\Hub\Editor\6000.6.3f1\Editor\Data\DotNetSdk\dotnet.exe "C:\Program Files\Unity\Hub\Editor\6000.6.3f1\Editor\Data\Tools\BuildPipeline\ScriptCompilationBuildProgram.exe" "Library/Bee/1900b0aE.dag.json" "Library/Bee/1900b0aE-inputdata.json" "Library\Bee\buildprogram0.traceevents"
WorkingDir: D:/2026/Florah/VR-powered predictive analytics/VRLab
ExitCode: 0 Duration: 4s647ms
Starting: C:\Program Files\Unity\Hub\Editor\6000.6.3f1\Editor\Data\Tools\BuildPipeline\bee_backend.exe --ipc --defer-dag-verification --dagfile="Library/Bee/1900b0aE.dag" --continue-on-failure --dagfilejson="Library\Bee\1900b0aE.dag.json" --profile="Library/Bee/backend2.traceevents" ScriptAssemblies
WorkingDir: D:/2026/Florah/VR-powered predictive analytics/VRLab
ExitCode: 0 Duration: 13s
Finished compiling graph: 1346 nodes, 28423 flattened edges (23339 ToBuild, 218 ToUse), maximum node priority 1532
[ 675/1342  0s] WriteText Library/Bee/artifacts/1900b0aE.dag/Assembly-CSharp-Editor.rsp
[1022/1342  0s] ILPP-Configuration Library/ilpp-configuration.nevergeneratedoutput
[BUSY       6s] Csc Library/Bee/artifacts/1900b0aE.dag/Assembly-CSharp-Editor.dll (+2 others)
[1338/1342  6s] Csc Library/Bee/artifacts/1900b0aE.dag/Assembly-CSharp-Editor.dll (+2 others)
[1339/1342  5s] ILPostProcess Library/Bee/artifacts/1900b0aE.dag/post-processed/Assembly-CSharp-Editor.dll (+pdb)
Processing assembly Library/Bee/artifacts/1900b0aE.dag/Assembly-CSharp-Editor.dll, with 148 defines and 394 references

processors: Unity.Jobs.CodeGen.JobsILPostProcessor, zzzUnity.Burst.CodeGen.BurstILPostProcessor

1 processor(s) skipped this assembly

running Unity.Jobs.CodeGen.JobsILPostProcessor
[1340/1342  0s] CopyFiles Library/ScriptAssemblies/Assembly-CSharp-Editor.pdb
[1341/1342  0s] CopyFiles Library/ScriptAssemblies/Assembly-CSharp-Editor.dll
*** Tundra build success (13.00 seconds), 6 items updated, 1342 evaluated
AssetDatabase: script compilation time: 21.638583s
Begin MonoManager ReloadAssembly
Total cache size 175234908
Total cache size after purge 175234908, took 00:00:01.3087741
'Packages/com.unity.render-pipelines.core/Editor/Deprecated.cs' contains partial class of Unity.Object, exactly 1 of the partial classes needs to be in a file with the same filename. This is to know the one that can be referenced from ie. GameObjects
'Packages/com.unity.render-pipelines.core/Editor/Deprecated.cs' contains partial class of Unity.Object, exactly 1 of the partial classes needs to be in a file with the same filename. This is to know the one that can be referenced from ie. GameObjects
Refreshing native plugins compatible for Editor in 1229.18 ms, found 7 plugins.
Native extension for WindowsStandalone target not found
Native extension for WebGL target not found
Starting new worker id: 0 with log in D:/2026/Florah/VR-powered predictive analytics/VRLab/Logs/AssetImportWorkerHW0.log
ScheduleIndexationOnStartup MainProcess:True IndexOnStartup:True
Scripting: successfully reloaded assembly
- Finished resetting the current domain, in  4.644 seconds
Domain Reload Profiling: 15496ms
	BeginReloadAssembly (1699ms)
		DisableScriptedObjects (205ms)
		CreateAndSetChildDomain (373ms)
	RebuildCommonClasses (45ms)
	RebuildNativeTypeToScriptingClass (116ms)
	initialDomainReloadingComplete (308ms)
	LoadAllAssembliesAndSetupDomain (8680ms)
		LoadAssemblies (7289ms)
		TypeCache.Refresh (818ms)
			TypeCache.ScanAssembly (716ms)
		AnalyzeDomain (504ms)
			BuildScriptInfoCaches (471ms)
			ResolveRequiredComponents (28ms)
	FinalizeReload (4649ms)
		SetupLoadedEditorAssemblies (0ms)
			LogAssemblyErrors (10ms)
			InitializePlatformSupportModulesInManaged (12ms)
			BeforeProcessingInitializeOnLoad (807ms)
			ProcessInitializeOnLoadAttributes (1064ms)
			ProcessInitializeOnLoadMethodAttributes (1297ms)
			AfterProcessingInitializeOnLoad (29ms)
			EditorAssembliesLoaded (6ms)
		AwakeInstancesAfterBackupRestoration (123ms)
Importing 'GUID: 0000000000000000b000000000000000 - Path: ProjectSettings/EditorBuildSettings.asset' with importer (LibraryAssetImporter)
Imported 'GUID: 0000000000000000b000000000000000' -> (Import Result ID: '15d718424306e2023b0d415b1b95ef4e') in 0.072 seconds [static dependencies only]. Details - ImportResultOutputID=0a89a5c5f492143e0fa186859e17ba6f DependenciesID=f2633d13ed1ad5782261c55fea32a475 StaticDependenciesID=eea2d9a79bb91c9047b6fae91e625668 
Refreshing native plugins compatible for Editor in 18.97 ms, found 7 plugins.

Asset Pipeline Refresh (id=9b8ddd0296a349340b96b294885a7083): Total: 47.211 seconds - Initiated by InitialRefreshV2(ForceSynchronousImport)
	(Values over 0.05ms)
	Summary:
		Imports: total=1 (actual=1, local cache=0, cache server=0)
		Asset DB Process Time: managed=10 ms, native=9138 ms
		Asset DB Callback time: managed=4696 ms, native=193 ms
		Scripting: domain reloads=1, domain reload time=11190 ms, compile time=21668 ms, other=313 ms
		Project Asset Count: scripts=1524, non-scripts=3985
		Asset File Changes: new=1, changed=1, moved=0, deleted=0
		Scan Filter Count: 0
	InvokePackagesCallback: 154.254ms
	ApplyChangesToAssetFolders: 2.595ms
	Scan: 523.765ms
	Collect global state as custom dependencies: 27.796ms
	OnSourceAssetsModified: 4.604ms
	CategorizeScriptCompilationAssets: 114.443ms
	ProcessAssetsWithTransientArtifactChanges: 520.956ms
	CategorizeAssets: 623.243ms
	CompileScripts: 21668.204ms
	ImportOutOfDateAssets: 6385.152ms (6287.293ms without children)
		ImportManagerImport: 84.091ms (7.363ms without children)
			UpdateCategorizedAssets: 0.099ms
		ReloadNativeAssets: 0.566ms
		UnloadImportedAssets: 5.744ms
		EnsureUptoDateAssetsAreRegisteredWithGuidPM: 4.408ms
		ImportSchedulerStart: 2.994ms
	PostProcessAllAssets: 4699.223ms
		XRBuildSystem.XRAssetImported 4.090ms
		VCAutoAddAssetPostprocess 0.654ms
		PostProcessCallbackCreateDeferredMaterials 0.511ms
		ComputeShaderImportPostprocess 0.400ms
		VersionControlSettings.HiddenFilePostprocess 0.176ms
		RaytracingShaderImportPostprocess 0.052ms
		MonoPostProcessAllAssets: 4687.590ms
			UniversalRenderPipelineGlobalSettingsPostprocessor.OnPostprocessAllAssets 1821.395ms
			SyncVS.PostprocessSyncProject 1315.517ms
			AssetPostprocessor.OnPostprocessAllAssets 1091.803ms
			StyleCatalogPostProcessor.OnPostprocessAllAssets 177.988ms
			AssetCallbacks.OnPostprocessAllAssets 91.030ms
			BuilderAssetPostprocessor.OnPostprocessAllAssets 62.845ms
			WindowAssetPostprocessingWatcher.OnPostprocessAllAssets 10.043ms
			AssetChangedListener.OnPostprocessAllAssets 6.536ms
			ShaderGraphAssetPostProcessor.OnPostprocessAllAssets 6.203ms
			SpeedTree9Postprocessor.OnPostprocessAllAssets 5.485ms
			RetainedModeAssetPostprocessor.OnPostprocessAllAssets 4.818ms
			EditModeScopePostprocessor.OnPostprocessAllAssets 4.382ms
			MaterialPostprocessor.OnPostprocessAllAssets 3.594ms
			ShaderReflectionAssetPostProcessor.OnPostprocessAllAssets 3.390ms
			ArtifactBrowserPostProcessor.OnPostprocessAllAssets 2.527ms
			InputActionAssetPostprocessor.OnPostprocessAllAssets 2.510ms
			InputActionJsonNameModifierAssetProcessor.OnPostprocessAllAssets 2.151ms
			ReferencedClipsPostProcessor.OnPostprocessAllAssets 1.783ms
			AudioMixerPostprocessor.OnPostprocessAllAssets 1.683ms
			TextAssetPostProcessor.OnPostprocessAllAssets 1.647ms
			AssetEvents.OnPostprocessAllAssets 1.349ms
			ModelAssetProcessor.OnPostprocessAllAssets 1.312ms
			TMPro_TexturePostProcessor.OnPostprocessAllAssets 1.166ms
			PostProcessor.OnPostprocessAllAssets 1.023ms
			ConfigAssetsTracker.OnPostprocessAllAssets 0.928ms
			AssetDatabaseCallbacks.OnPostprocessAllAssets 0.809ms
			ProjectSettingsPostprocessor.OnPostprocessAllAssets 0.712ms
			ScenarioDriftAssetsTracker.OnPostprocessAllAssets 0.675ms
			SpeedTreePostProcessor.OnPostprocessAllAssets 0.630ms
			TerrainToolbarOverlayPostProcessor.OnPostprocessAllAssets 0.578ms
			ThemePostprocessor.OnPostprocessAllAssets 0.478ms
			AudioContainerPostProcessor.OnPostprocessAllAssets 0.393ms
			RenderPipelineGlobalSettingsPostprocessor.OnPostprocessAllAssets 0.346ms
	PostAssetChangesProfiler: 38.294ms
	UnloadStreamsBegin: 6.287ms
	PersistCurrentRevisions: 0.789ms
	GenerateScriptTypeHashes: 47.910ms
	GenerateScriptTypeSerializationHashes: 85.449ms
	Untracked: 12358.896ms

Application.AssetDatabase Initial Refresh End
Shader Hidden/ChartRasterizerHardware is not supported: GPU does not support conservative rasterization
Launched and connected shader compiler UnityShaderCompiler.exe after 0.05 seconds
Shader Hidden/ChartRasterizerHardware is not supported: GPU does not support conservative rasterization
Scanning for USB devices : 6.018ms
Initializing Unity extensions:
[MODES] ModeService[none].Initialize
[MODES] ModeService[none].LoadModes
[MODES] Loading mode Default (0) for mode-current-id-VRLab
Unloading 373 Unused Serialized files (Serialized files now loaded: 0)
Unloading 6569 unused Assets / (26.9 MB). Loaded Objects now: 7373.
Memory consumption went from 460.2 MB to 433.3 MB.
Total: 51.865000 ms (FindLiveObjects: 2.121200 ms CreateObjectMapping: 1.563600 ms MarkObjects: 26.656100 ms  DeleteObjects: 19.879500 ms)

Importing 'GUID: 4ff779b72e81ea345b4702adda71658c - Path: Assets/Settings' with importer (DefaultImporter)
Imported 'GUID: 4ff779b72e81ea345b4702adda71658c' -> (Import Result ID: 'c04b4b26fe75a97ab371ea060a63de47') in 0.041 seconds [static dependencies only]. Details - ImportResultOutputID=b44819b11711db5ce2f61b80ab0d294a DependenciesID=8b316ba3d8a80b042ccdcfd11844a0c6 StaticDependenciesID=639b5e61a89dbe56524039ba4347e6d4 
Importing 'GUID: bafe8f254575e924f8e8f3ffdb663717 - Path: Assets/Settings/VRLabURP_Renderer.asset' with importer (NativeFormatImporter)
Imported 'GUID: bafe8f254575e924f8e8f3ffdb663717' -> (Import Result ID: '19823c539bd0c31f91f55113445f1c2b') in 0.004 seconds [static dependencies only]. Details - ImportResultOutputID=44136cc940737c78ecf5d77250093aeb DependenciesID=f88ed145e9630606632bacc7e38807f8 StaticDependenciesID=4e5aea8cdc31f6a50701a56c9b34de09 
Refreshing native plugins compatible for Editor in 45.55 ms, found 7 plugins.

Asset Pipeline Refresh (id=0a3742bbc05093346a8e4ffd51718fce): Total: 0.703 seconds - Initiated by StopAssetImportingV2(NoUpdateAssetOptions)
	(Values over 0.05ms)
	Summary:
		Imports: total=2 (actual=2, local cache=0, cache server=0)
		Asset DB Process Time: managed=0 ms, native=604 ms
		Asset DB Callback time: managed=22 ms, native=75 ms
		Scripting: domain reloads=0, domain reload time=0 ms, compile time=0 ms, other=0 ms
		Project Asset Count: scripts=1525, non-scripts=3986
		Asset File Changes: new=2, changed=2, moved=0, deleted=0
		Scan Filter Count: 3
	ApplyChangesToAssetFolders: 0.579ms
	Scan: 79.313ms
	Collect global state as custom dependencies: 5.000ms
	OnSourceAssetsModified: 2.167ms
	ProcessAssetsWithTransientArtifactChanges: 0.460ms
	CategorizeAssets: 207.623ms
	ImportOutOfDateAssets: 60.611ms (1.713ms without children)
		ImportManagerImport: 54.641ms (2.255ms without children)
			UpdateCategorizedAssets: 0.163ms
		ReloadNativeAssets: 0.068ms
		UnloadImportedAssets: 0.766ms
		EnsureUptoDateAssetsAreRegisteredWithGuidPM: 2.677ms
		ImportSchedulerStart: 0.729ms
	PostProcessAllAssets: 47.722ms
		XRBuildSystem.XRAssetImported 28.370ms
		VersionControlSettings.HiddenFilePostprocess 0.083ms
		MonoPostProcessAllAssets: 18.769ms
			AssetPostprocessor.OnPostprocessAllAssets 12.483ms
			AssetChangedListener.OnPostprocessAllAssets 2.921ms
			SyncVS.PostprocessSyncProject 1.445ms
			ShaderGraphAssetPostProcessor.OnPostprocessAllAssets 0.584ms
			PostProcessor.OnPostprocessAllAssets 0.134ms
			ModelAssetProcessor.OnPostprocessAllAssets 0.128ms
			TMPro_TexturePostProcessor.OnPostprocessAllAssets 0.070ms
			TextAssetPostProcessor.OnPostprocessAllAssets 0.056ms
			UniversalRenderPipelineGlobalSettingsPostprocessor.OnPostprocessAllAssets 0.053ms
			RetainedModeAssetPostprocessor.OnPostprocessAllAssets 0.052ms
	PostAssetChangesProfiler: 47.685ms
	GatherAllCurrentPrimaryImportResultRevisions: 3.480ms
	PersistCurrentRevisions: 1.220ms
	Untracked: 43.216ms

Importing 'GUID: 83d2d6be016ae8348bbc25184412de83 - Path: Assets/Settings/VRLabURP.asset' with importer (NativeFormatImporter)
Imported 'GUID: 83d2d6be016ae8348bbc25184412de83' -> (Import Result ID: 'fe6441e14619675ed47a21316c5c136a') in 0.003 seconds [static dependencies only]. Details - ImportResultOutputID=b0947e7d4f54c6649e7b87e875a01f93 DependenciesID=4c315d0bdbe3037dd701fb47ce803ded StaticDependenciesID=08f649c24c663f9f060f0cc8ca1f422b 
Refreshing native plugins compatible for Editor in 16.91 ms, found 7 plugins.
Asset Pipeline Refresh (id=5942196cae64b1841bb66eb281487fdd): Total: 0.252 seconds - Initiated by StopAssetImportingV2(NoUpdateAssetOptions)
AcceleratorClientConnectionCallback - disconnected - :0
Importing 'GUID: 00000000000000009000000000000000 - Path: ProjectSettings/QualitySettings.asset' with importer (LibraryAssetImporter)
Imported 'GUID: 00000000000000009000000000000000' -> (Import Result ID: '3e17f7c4edaa5fcf70ed3b9ce64d5c0d') in 0.002 seconds [static dependencies only]. Details - ImportResultOutputID=2a108b3da874f726c62fbe5f12be4a8a DependenciesID=2c67ea511075b5d1f09fef01510581ed StaticDependenciesID=b07a24e7596367ba7a11849dba0ab1df 
Importing 'GUID: 00000000000000006100000000000000 - Path: ProjectSettings/GraphicsSettings.asset' with importer (LibraryAssetImporter)
Imported 'GUID: 00000000000000006100000000000000' -> (Import Result ID: '56857e95f27cb136c88c6c0f38a63faf') in 0.002 seconds [static dependencies only]. Details - ImportResultOutputID=a2dcdb8bc9503711bc0f2e2d72cfd36c DependenciesID=4f8132411fefb109a11b362c85419105 StaticDependenciesID=2c514a5037dda0f0b42f450b77176c03 
Worker ready: AssetImportWorkerHW0 0
Importing 'GUID: 60e10855641b4d84da68ec72e6f6eeb8 - Path: Packages/com.unity.render-pipelines.universal/Shaders/SpatialMappingOcclusion.shader' with importer (ShaderImporter)
Imported 'GUID: 60e10855641b4d84da68ec72e6f6eeb8' -> (Import Result ID: '8a7a4aeebba9f300c4551b9e2631e157') in 1.008 seconds [static and dynamic dependencies]. Details - ImportResultOutputID=805cb8b1cc8cf23c43c23d08082a979a DependenciesID=c24f5cad85a3b2f2e229b88403eed196 StaticDependenciesID=e8dd76b7b647a499e943e0726fd4e408 
Importing 'GUID: 701880fecb344ea4c9cd0db3407ab287 - Path: Packages/com.unity.render-pipelines.universal/Shaders/PostProcessing/LensFlareScreenSpace.shader' with importer (ShaderImporter)
Imported 'GUID: 701880fecb344ea4c9cd0db3407ab287' -> (Import Result ID: '62036d62d0a23f473a8f667152d7cf46') in 0.999 seconds [static and dynamic dependencies]. Details - ImportResultOutputID=71f903ba4c34065431d9425a9a689e70 DependenciesID=498ab24ff8c637db6ccc819703819d7e StaticDependenciesID=9cb4a2e840046602386c381643f1e7d5 
Importing 'GUID: f056d8bd2a1c7e44e9729144b4c70395 - Path: Packages/com.unity.render-pipelines.universal/Runtime/Decal/DBuffer/DBufferClear.shader' with importer (ShaderImporter)
Imported 'GUID: f056d8bd2a1c7e44e9729144b4c70395' -> (Import Result ID: '6068dc6c1f0b396260905d64d2d6fae6') in 0.434 seconds [static and dynamic dependencies]. Details - ImportResultOutputID=3c2deec70c95b3c992b86bb5acda4d25 DependenciesID=5953621cd211914a50e4d0a4471eba1e StaticDependenciesID=37c3cd51fb72386bbaeb16f165ce52fe 
Importing 'GUID: 1121bb4e615ca3c48b214e79e841e823 - Path: Packages/com.unity.render-pipelines.universal/Shaders/PostProcessing/StopNaN.shader' with importer (ShaderImporter)
Imported 'GUID: 1121bb4e615ca3c48b214e79e841e823' -> (Import Result ID: '0624ac3a8ca966de67cded21e7733bfd') in 0.324 seconds [static and dynamic dependencies]. Details - ImportResultOutputID=a8c12536441df45ac758939d9784997f DependenciesID=525e8c8df44dcf9a0dbe89103975632e StaticDependenciesID=505dca819db7a7887fc6350b8d98bd2e 
Importing 'GUID: 61e53729ad706d049b12a441f328fe34 - Path: Packages/com.unity.render-pipelines.core/Tests/Editor/ShaderStripping/DummyPipelineShader.shader' with importer (ShaderImporter)
Imported 'GUID: 61e53729ad706d049b12a441f328fe34' -> (Import Result ID: '968e0b1043823514be699bc22fe0ecce') in 0.087 seconds [static and dynamic dependencies]. Details - ImportResultOutputID=7081788beb22f1c6eecf1532d1a626d7 DependenciesID=0076132276ad739b36557d579fca002a StaticDependenciesID=0829b07c13c3b82720e084c6c814248d 
Importing 'GUID: 815c625bb9d4fe240a4ccf42ca3899cb - Path: Packages/com.unity.render-pipelines.universal/Shaders/Utils/BlitFullPrecision.shader' with importer (ShaderImporter)
Imported 'GUID: 815c625bb9d4fe240a4ccf42ca3899cb' -> (Import Result ID: 'dd27314dec1819949ff0a04abbcfadd2') in 0.136 seconds [static and dynamic dependencies]. Details - ImportResultOutputID=a2fbde0daa9712ccd649df69d1d96cd2 DependenciesID=0b2a4fa23e17742d11cee6526303b0e8 StaticDependenciesID=e2c38e5973f110d2d2b39a73ab224e86 
Importing 'GUID: a15b78cf8ca26ca4fb2090293153c62c - Path: Packages/com.unity.render-pipelines.universal/Shaders/PostProcessing/PaniniProjection.shader' with importer (ShaderImporter)
Imported 'GUID: a15b78cf8ca26ca4fb2090293153c62c' -> (Import Result ID: '7145ca9e4910cff0ee7dff07e4adcf2d') in 0.149 seconds [static and dynamic dependencies]. Details - ImportResultOutputID=b49c134af11032fda30ebb352b74bdf6 DependenciesID=4852babf7ec8e374804d17e45d219aa4 StaticDependenciesID=d568e02f73dc0ddd12a3000a89736b8c 
Importing 'GUID: c17132b1f77d20942aa75f8429c0f8bc - Path: Packages/com.unity.render-pipelines.universal/Shaders/Utils/Blit.shader' with importer (ShaderImporter)
Imported 'GUID: c17132b1f77d20942aa75f8429c0f8bc' -> (Import Result ID: '1fbbb4faedfcc8679c876abfe0e681db') in 0.259 seconds [static and dynamic dependencies]. Details - ImportResultOutputID=77eff35fe7ae52cd1043e066bf6c1da5 DependenciesID=2c3e6df108d35df73d392397d791d59a StaticDependenciesID=42f70e0e4068f6ccc07c33b3b876fd5f 
Importing 'GUID: d104b2fc1ca6445babb8e90b0758136b - Path: Packages/com.unity.render-pipelines.universal/Shaders/Utils/CoreBlitColorAndDepth.shader' with importer (ShaderImporter)
Imported 'GUID: d104b2fc1ca6445babb8e90b0758136b' -> (Import Result ID: '6976c0e3c9a44cf36fc252d94fb46b87') in 0.229 seconds [static and dynamic dependencies]. Details - ImportResultOutputID=d1776e2d1a42f8cdfd737b63b7f2726e DependenciesID=3898bf5c1f6df90a135b03db5bb00721 StaticDependenciesID=027778bf99a04960ae4023297f352101 
Importing 'GUID: 222cce62363a44a380c36bf03b392608 - Path: Packages/com.unity.render-pipelines.universal/Shaders/Utils/ClusterDeferred.shader' with importer (ShaderImporter)
Imported 'GUID: 222cce62363a44a380c36bf03b392608' -> (Import Result ID: '840c9d5837e46fbf7d3d8498c5828aef') in 1.146 seconds [static and dynamic dependencies]. Details - ImportResultOutputID=688fc6997c48a6d983d9058609b74401 DependenciesID=09e137f48f498a4d3868643a113c4883 StaticDependenciesID=7fc1522e3c723a99b7a714fbaaa20df2 
Importing 'GUID: e260cfa7296ee7642b167f1eb5be5023 - Path: Packages/com.unity.render-pipelines.universal/Shaders/2D/Sprite-Lit-Default.shader' with importer (ShaderImporter)
Imported 'GUID: e260cfa7296ee7642b167f1eb5be5023' -> (Import Result ID: 'e5132088ab6becca5db60806261717ff') in 0.551 seconds [static and dynamic dependencies]. Details - ImportResultOutputID=8b82b6baf29dbd196284105131bae53a DependenciesID=2dbfb3a57c4d1ea35cebbc7adc03e6ce StaticDependenciesID=0bbffd70cf86ad3bf53bb3ca426fbd57 
Importing 'GUID: 13c02b14c4d048fa9653293d54f6e0e1 - Path: Packages/com.unity.render-pipelines.universal/Shaders/2D/Sprite-Unlit-Default.shader' with importer (ShaderImporter)
Imported 'GUID: 13c02b14c4d048fa9653293d54f6e0e1' -> (Import Result ID: '3f8e2702f21fb2debc4bca845b3b9a33') in 0.169 seconds [static and dynamic dependencies]. Details - ImportResultOutputID=f27124af8c75218217e406faf2c1734a DependenciesID=50d1fb58d7917858f6f3f2eb4b056add StaticDependenciesID=74552150fe73f6a82992f2c4e582a4d8 
Importing 'GUID: 63b92baba208e314c8fdebe52ca0cc34 - Path: Packages/com.unity.render-pipelines.universal/Runtime/MipGen/Shaders/ColorPyramidPS.shader' with importer (ShaderImporter)
Imported 'GUID: 63b92baba208e314c8fdebe52ca0cc34' -> (Import Result ID: '8396dda3d80d69b2e199cfa1690838fe') in 0.126 seconds [static and dynamic dependencies]. Details - ImportResultOutputID=11b5f2de1de90b6910bae4a8965f1b66 DependenciesID=733d85eefc538642f0f9e13ab36eda43 StaticDependenciesID=5e7f20908192b69e2fd8fadf6c1e30de 
Importing 'GUID: 93446b5c5339d4f00b85c159e1159b7c - Path: Packages/com.unity.render-pipelines.universal/Shaders/Utils/CoreBlit.shader' with importer (ShaderImporter)
Imported 'GUID: 93446b5c5339d4f00b85c159e1159b7c' -> (Import Result ID: 'f0f424a908aac225f1ae545dedceb40d') in 0.318 seconds [static and dynamic dependencies]. Details - ImportResultOutputID=a03e6b614f1f9e2d0c4c108ca27be54e DependenciesID=6ac389f5d1d16141fcdd77b1d41ac308 StaticDependenciesID=d61330d75e7d825e1432dcba45fce2cd 
Importing 'GUID: 933532a4fcc9baf4fa0491de14d08ed7 - Path: Packages/com.unity.render-pipelines.universal/Shaders/Lit.shader' with importer (ShaderImporter)
Imported 'GUID: 933532a4fcc9baf4fa0491de14d08ed7' -> (Import Result ID: '693586f8498e79b682f8b12d11937142') in 1.085 seconds [static and dynamic dependencies]. Details - ImportResultOutputID=92895cc1c3d9a0f3d3eefe95b679bb9d DependenciesID=4011e29a38686ab2307bac3551decf50 StaticDependenciesID=703aa2297536c01c7f6bce4bbb11c347 
Importing 'GUID: b3c92426a88625841ab15ca6a7917248 - Path: Packages/com.unity.render-pipelines.core/Runtime/RenderPipelineResources/GPUDriven/DebugOccluder.shader' with importer (ShaderImporter)
Imported 'GUID: b3c92426a88625841ab15ca6a7917248' -> (Import Result ID: 'b31212cb8470e489ac21276d2cc655d6') in 0.099 seconds [static and dynamic dependencies]. Details - ImportResultOutputID=313c1a1acb0a1334c609cef0ca5e525d DependenciesID=ad5bcdb331887ee969838b95bd2f910b StaticDependenciesID=3c1252399be49a779bedd9ef27524c85 
Importing 'GUID: d3f0849180c2d0944bc71060693df100 - Path: Packages/com.unity.render-pipelines.core/Runtime/RenderPipelineResources/GPUDriven/DebugOcclusionTest.shader' with importer (ShaderImporter)
Imported 'GUID: d3f0849180c2d0944bc71060693df100' -> (Import Result ID: 'a69e7985416ed11e0252f94c18eaec26') in 0.154 seconds [static and dynamic dependencies]. Details - ImportResultOutputID=f73d8e050fec8925b13224080da2e5a1 DependenciesID=eaaa45d49a50b8b0744ae73b602b6b1c StaticDependenciesID=aa7ed96a2b4b4beb5dabe02a3a534e25 
Importing 'GUID: e39bd598ce13f44ba8af997d3e42cd18 - Path: Packages/com.unity.render-pipelines.universal/Shaders/2D/Sprite-Mask.shader' with importer (ShaderImporter)
Imported 'GUID: e39bd598ce13f44ba8af997d3e42cd18' -> (Import Result ID: '9e705157d813dc63bf4436dbd3f2719a') in 0.147 seconds [static and dynamic dependencies]. Details - ImportResultOutputID=6c6d83a25859e851256c1e082699a36f DependenciesID=6a148f935be4863e0c408f43a4b3ac55 StaticDependenciesID=213c78561e8f9a8a0eac9e15c5410b2c 
Importing 'GUID: 04c410c9937594faa893a11dceb85f7e - Path: Packages/com.unity.render-pipelines.universal/Shaders/Utils/Sampling.shader' with importer (ShaderImporter)
Imported 'GUID: 04c410c9937594faa893a11dceb85f7e' -> (Import Result ID: '355020b4c70249ced6c67bddba5f73f1') in 0.120 seconds [static and dynamic dependencies]. Details - ImportResultOutputID=e72cd83f83a3aeb7da05641ac01b5f08 DependenciesID=16c3856002888d647bfb42a60e419624 StaticDependenciesID=ade54049964ba0fcc4919cf209dae6a9 
Importing 'GUID: 0406db5a14f94604a8c57ccfbc9f3b46 - Path: Packages/com.unity.render-pipelines.universal/Shaders/Particles/ParticlesUnlit.shader' with importer (ShaderImporter)
Imported 'GUID: 0406db5a14f94604a8c57ccfbc9f3b46' -> (Import Result ID: '0985a9e3c8b996f30095ba61de717ed3') in 0.775 seconds [static and dynamic dependencies]. Details - ImportResultOutputID=a0421b24d346fa01aa1b748e2919bdd2 DependenciesID=a1bd6c69d7666aee8646a39913a0dd49 StaticDependenciesID=0d327271c4e0142a4ee6348b2e844d89 
Importing 'GUID: 4431b1f1f743fbf4eb310a967890cbea - Path: Packages/com.unity.render-pipelines.universal/Shaders/XR/XROcclusionMesh.shader' with importer (ShaderImporter)
Imported 'GUID: 4431b1f1f743fbf4eb310a967890cbea' -> (Import Result ID: 'fa5837b9e5c4ec3645c1351af2428966') in 0.159 seconds [static and dynamic dependencies]. Details - ImportResultOutputID=fd8c8bcc6dd96a75dd88d333f4ccd588 DependenciesID=744b4e5cf31031a10bd88a57df4ba2b3 StaticDependenciesID=178ec415672d30cea929cbd082e42b94 
Importing 'GUID: 74b1585886a85614aa34e2c8e303c77a - Path: Packages/com.unity.render-pipelines.universal/Shaders/BRGPicking.shader' with importer (ShaderImporter)
Imported 'GUID: 74b1585886a85614aa34e2c8e303c77a' -> (Import Result ID: '2be66b026e4e10a4b5cc8af359ea1fed') in 0.152 seconds [static and dynamic dependencies]. Details - ImportResultOutputID=0ccee8253bbd77a9ce8023df3e2fa1c0 DependenciesID=cfba86d0b6d6f5b976086524de47cbe8 StaticDependenciesID=184dd813fa5dff15884e343019b54088 
Importing 'GUID: 74659692f6350ba46b88180d9c826630 - Path: Packages/com.unity.render-pipelines.universal/Shaders/2D/RenderAs2D-Flattening.shader' with importer (ShaderImporter)
Imported 'GUID: 74659692f6350ba46b88180d9c826630' -> (Import Result ID: 'dfa61b92c24af3c94d92c67055326180') in 0.117 seconds [static and dynamic dependencies]. Details - ImportResultOutputID=b603aaf63d81590a5071d7d6beb37a44 DependenciesID=f31f38520e7c1853e81356deb7d0035c StaticDependenciesID=26f56decae35f2b850c2b26f01072f01 
Importing 'GUID: c49e63ed1bbcb334780a3bd19dfed403 - Path: Packages/com.unity.render-pipelines.universal/Shaders/PostProcessing/FinalPost.shader' with importer (ShaderImporter)
Imported 'GUID: c49e63ed1bbcb334780a3bd19dfed403' -> (Import Result ID: 'ceb3f613fbdcd1521e570e0ffdb2280b') in 0.479 seconds [static and dynamic dependencies]. Details - ImportResultOutputID=40ac3213a1acdf5b16a91bb860c0b21f DependenciesID=92c0a61f96ceb9e7bed1cee99f38393c StaticDependenciesID=c817db9d36879ed693bf9e88e1a16e7a 
Importing 'GUID: 650dd9526735d5b46b79224bc6e94025 - Path: Packages/com.unity.render-pipelines.universal/Shaders/Unlit.shader' with importer (ShaderImporter)
Imported 'GUID: 650dd9526735d5b46b79224bc6e94025' -> (Import Result ID: '10b3611f51d367c7a999a333b517db94') in 0.346 seconds [static and dynamic dependencies]. Details - ImportResultOutputID=d4e446ec9fc87d0c6b65b35c01fd44dc DependenciesID=5e136a5a0c80ec6482aa9e5c0c4a6558 StaticDependenciesID=7f15a62f5a48a76a1504b77ad6d64783 
Importing 'GUID: 65df88701913c224d95fc554db28381a - Path: Packages/com.unity.render-pipelines.universal/Shaders/PostProcessing/LutBuilderLdr.shader' with importer (ShaderImporter)
Imported 'GUID: 65df88701913c224d95fc554db28381a' -> (Import Result ID: '0adfe0b43b7d558270d517a0acb2c2ce') in 0.138 seconds [static and dynamic dependencies]. Details - ImportResultOutputID=d633c0b24764f7e2af9166f8afbd50a8 DependenciesID=5bb632b14c989db3a2998a41ceabfafb StaticDependenciesID=41efa06855eab8f190d613c5fdf773f1 
Importing 'GUID: 8516d7a69675844a7a0b7095af7c46af - Path: Packages/com.unity.render-pipelines.universal/Shaders/Particles/ParticlesSimpleLit.shader' with importer (ShaderImporter)
Imported 'GUID: 8516d7a69675844a7a0b7095af7c46af' -> (Import Result ID: 'b04662de884e2e5dbd37acee876e5675') in 0.405 seconds [static and dynamic dependencies]. Details - ImportResultOutputID=88283bfef3af064f9ee97a269c80aa46 DependenciesID=b128a98888e3b863fb77cfa8d506786b StaticDependenciesID=95ef8a550a0a1213902bcf6e7a5f48a6 
Importing 'GUID: d5a307c014552314b9f560906d708772 - Path: Packages/com.unity.render-pipelines.universal/Shaders/XR/XRMirrorView.shader' with importer (ShaderImporter)
Imported 'GUID: d5a307c014552314b9f560906d708772' -> (Import Result ID: '9d3134ac0a4fbe3ca60372f1335ee864') in 0.310 seconds [static and dynamic dependencies]. Details - ImportResultOutputID=1d60b312e90fdd801d1a123e9a310220 DependenciesID=3e99c5d2e8459ad05b600b3b3e945259 StaticDependenciesID=748f66e360aa11d366c6856fe4d1969d 
Importing 'GUID: e507fdfead5ca47e8b9a768b51c291a1 - Path: Packages/com.unity.render-pipelines.universal/Shaders/Terrain/WavingGrass.shader' with importer (ShaderImporter)
Imported 'GUID: e507fdfead5ca47e8b9a768b51c291a1' -> (Import Result ID: '4946cb575fbdd15f67cc1c6fddd90cf6') in 0.295 seconds [static and dynamic dependencies]. Details - ImportResultOutputID=68ed4f6d9310f4b5834df640671b08ce DependenciesID=ea24cef071f6595a43f56d647857f362 StaticDependenciesID=25a6479413c7ffbb1dbe93f5387fff75 
Importing 'GUID: 562b7ae4f629f144aa97780546fce7c6 - Path: Packages/com.unity.render-pipelines.universal/Shaders/PostProcessing/EdgeAdaptiveSpatialUpsampling.shader' with importer (ShaderImporter)
Imported 'GUID: 562b7ae4f629f144aa97780546fce7c6' -> (Import Result ID: '951c72b8cef7efcbc62e4ac52c619c02') in 0.140 seconds [static and dynamic dependencies]. Details - ImportResultOutputID=52ff99ee6c4c44bf69a83b665684344f DependenciesID=62c4a5a872068bd962ec8c5ac8161e04 StaticDependenciesID=84e938a12d5adc44eb45a9515e7558b6 
Importing 'GUID: d6dae50ee9e1bfa4db75f19f99355220 - Path: Packages/com.unity.render-pipelines.universal/Shaders/Utils/CopyDepth.shader' with importer (ShaderImporter)
Imported 'GUID: d6dae50ee9e1bfa4db75f19f99355220' -> (Import Result ID: 'b25fbff05adb7e3c564e4cb1a9c6b563') in 0.130 seconds [static and dynamic dependencies]. Details - ImportResultOutputID=4c038cfe93c9c8a792c12475b183ab53 DependenciesID=8772609b521480e426b8bda10d2c5cc0 StaticDependenciesID=b1838f8b52c461022095fbbfdf23ccd5 
Importing 'GUID: e6e9a19c3678ded42a3bc431ebef7dbd - Path: Packages/com.unity.render-pipelines.universal/Shaders/Utils/FallbackError.shader' with importer (ShaderImporter)
Imported 'GUID: e6e9a19c3678ded42a3bc431ebef7dbd' -> (Import Result ID: '5a37e2ff288d51561bad47a8f3d53583') in 0.090 seconds [static and dynamic dependencies]. Details - ImportResultOutputID=165ab9626e7dea970e8d670df8cb02c0 DependenciesID=be7bc330802b05957c8a43d69fb4c9bb StaticDependenciesID=af79af6e460e0b1cd5587958c229414c 
Importing 'GUID: f6783ab646d374f94b199774402a5144 - Path: Packages/com.unity.render-pipelines.universal/Shaders/Terrain/TerrainDetailLit.shader' with importer (ShaderImporter)
Imported 'GUID: f6783ab646d374f94b199774402a5144' -> (Import Result ID: '1eee9ebdb70fa0d2853b39b8896dade3') in 0.565 seconds [static and dynamic dependencies]. Details - ImportResultOutputID=62baddf134e56e147b23752d670d9484 DependenciesID=08805a2432c968222cc95adf0d16201a StaticDependenciesID=2ca1f60febf1248c9917ccabf4c6a502 
Importing 'GUID: 573620ae32aec764abd4d728906d2587 - Path: Packages/com.unity.render-pipelines.universal/Shaders/Debug/HDRDebugView.shader' with importer (ShaderImporter)
Imported 'GUID: 573620ae32aec764abd4d728906d2587' -> (Import Result ID: '64b1e168f1d1045639fe55cd689c9a8b') in 0.142 seconds [static and dynamic dependencies]. Details - ImportResultOutputID=4409264666793cfe626bf19e164b02e7 DependenciesID=2560577904abfb8380ed6c878761bb4c StaticDependenciesID=a0bbfce8e8b9e3debfff349da7e6d962 
Importing 'GUID: b7839dad95683814aa64166edc107ae2 - Path: Packages/com.unity.render-pipelines.universal/Shaders/Particles/ParticlesLit.shader' with importer (ShaderImporter)
Imported 'GUID: b7839dad95683814aa64166edc107ae2' -> (Import Result ID: '89497bebe8bcd06e8362c589829a070d') in 0.489 seconds [static and dynamic dependencies]. Details - ImportResultOutputID=c1965960449a573fcc26133d8597db62 DependenciesID=be39bc261bc8190776f5994515b45785 StaticDependenciesID=1934291915e26bd61e026479b92f278d 
Importing 'GUID: e7857e9d0c934dc4f83f270f8447b006 - Path: Packages/com.unity.render-pipelines.universal/Shaders/PostProcessing/UberPost.shader' with importer (ShaderImporter)
Imported 'GUID: e7857e9d0c934dc4f83f270f8447b006' -> (Import Result ID: '2c1c7cb823927853545ac763e136b1da') in 0.187 seconds [static and dynamic dependencies]. Details - ImportResultOutputID=f769617f979a029862bb1a3045883991 DependenciesID=21d582352affeace8f8a62ba8ff0a468 StaticDependenciesID=f0d5f5305afc774fbec0f8ecf20ad73a 
Importing 'GUID: 0849e84e3d62649e8882e9d6f056a017 - Path: Packages/com.unity.render-pipelines.universal/Shaders/Utils/ScreenSpaceAmbientOcclusion.shader' with importer (ShaderImporter)
Imported 'GUID: 0849e84e3d62649e8882e9d6f056a017' -> (Import Result ID: '18e15b50971e0905c960c76cafb3794e') in 0.456 seconds [static and dynamic dependencies]. Details - ImportResultOutputID=3c638e1973fe2732de3074ea93d2ad4e DependenciesID=de9687a95074c47cb3f4f10dfe7418e7 StaticDependenciesID=a862ec09d21eaeebdb19e67162e47756 
Importing 'GUID: a89bee29cffa951418fc1e2da94d1959 - Path: Packages/com.unity.render-pipelines.universal/Shaders/Utils/BlitHDROverlay.shader' with importer (ShaderImporter)
Imported 'GUID: a89bee29cffa951418fc1e2da94d1959' -> (Import Result ID: '999b95d5405b6d8cc27fd8a0232a9445') in 0.142 seconds [static and dynamic dependencies]. Details - ImportResultOutputID=e3dbf9e9b75336f7265ff5842ebdcead DependenciesID=3c6f3a8e716beb7711147a40c845ab63 StaticDependenciesID=6785ada06cd07c58ce750965fea11504 
Importing 'GUID: e8b802ac01d87144b91f12f40c1f2659 - Path: Packages/com.unity.render-pipelines.universal/Shaders/SpatialMappingWireframe.shader' with importer (ShaderImporter)
Imported 'GUID: e8b802ac01d87144b91f12f40c1f2659' -> (Import Result ID: 'eaab68335092b8636a164d457581efad') in 0.125 seconds [static and dynamic dependencies]. Details - ImportResultOutputID=95202aafb4c11b04449c030b455a1be9 DependenciesID=c2fbbaa406cef8d1015603275196e72b StaticDependenciesID=78501858fa857467ad5b245cebdde5f6 
Importing 'GUID: e8ee25143a34b8c4388709ea947055d1 - Path: Packages/com.unity.render-pipelines.universal/Shaders/PostProcessing/ScalingSetup.shader' with importer (ShaderImporter)
Imported 'GUID: e8ee25143a34b8c4388709ea947055d1' -> (Import Result ID: 'dec3681bd9ba1606e382da12a4877e25') in 0.122 seconds [static and dynamic dependencies]. Details - ImportResultOutputID=59de80e50fa69eadbca9bc5a408a31ba DependenciesID=43fd29ba5b7cf0a966e9e95bc2c80752 StaticDependenciesID=69d004d2a784aca40627623393731a96 
Importing 'GUID: f89aac1e4f84468418fe30e611dff395 - Path: Packages/com.unity.render-pipelines.universal/Shaders/XR/XRMotionVector.shader' with importer (ShaderImporter)
Imported 'GUID: f89aac1e4f84468418fe30e611dff395' -> (Import Result ID: '9093abe3a93f8ffc3cedf04d1151c511') in 0.104 seconds [static and dynamic dependencies]. Details - ImportResultOutputID=67d55b30da244f80f824726cf0a4d781 DependenciesID=5b90a39d156203c312d56ea6c88c1d68 StaticDependenciesID=41549047dfa083d3fc0fffeaee0f7152 
Importing 'GUID: 29868e73b638e48ca99a19ea58c48d90 - Path: Packages/com.unity.render-pipelines.universal/Shaders/Terrain/WavingGrassBillboard.shader' with importer (ShaderImporter)
Imported 'GUID: 29868e73b638e48ca99a19ea58c48d90' -> (Import Result ID: '16ce5cd50c57583f59a2b47d322138cd') in 0.376 seconds [static and dynamic dependencies]. Details - ImportResultOutputID=3237eb4828cd021f10aac6af084736e5 DependenciesID=7bc50e5e14b23eeea17dbaba162bee53 StaticDependenciesID=78342fd9983d74ebd746de1ff8b3df24 
Importing 'GUID: 99134b1f0c27d54469a840832a28fadf - Path: Packages/com.unity.render-pipelines.universal/Shaders/Nature/SpeedTree8.shader' with importer (ShaderImporter)
Imported 'GUID: 99134b1f0c27d54469a840832a28fadf' -> (Import Result ID: 'd54380c86440954d42dc3e4087200935') in 0.468 seconds [static and dynamic dependencies]. Details - ImportResultOutputID=76f50adfbcf0b2b94cb5228f2d55c0fb DependenciesID=3b1c7a4e06fa16930d013f1157c177fc StaticDependenciesID=d8013b7c4f969f1eaa0f9c82f899cdb6 
Importing 'GUID: e9155b26e1bc55942a41e518703fe304 - Path: Packages/com.unity.render-pipelines.universal/Shaders/Utils/StencilDeferred.shader' with importer (ShaderImporter)
Imported 'GUID: e9155b26e1bc55942a41e518703fe304' -> (Import Result ID: 'ebba20a61105bb57e0b09a00ed13ed2e') in 0.287 seconds [static and dynamic dependencies]. Details - ImportResultOutputID=a2437d5684c7de43a71e7290a5a5c4af DependenciesID=b6c7cb9db8c651a3487d9fdfcfd757b5 StaticDependenciesID=74a15d4d3a66a4d568df7c382cb538dd 
Importing 'GUID: 0a7e590f3cf1d4ee8a8fab5b6eff09ef - Path: Packages/com.unity.render-pipelines.universal/Shaders/Terrain/TerrainLitAdd.shader' with importer (ShaderImporter)
Imported 'GUID: 0a7e590f3cf1d4ee8a8fab5b6eff09ef' -> (Import Result ID: 'a21093e33260c6e6272024d0c064a9eb') in 0.226 seconds [static and dynamic dependencies]. Details - ImportResultOutputID=d5fac3bbb2975adaa6b86a5c37fd1bd2 DependenciesID=cf05ef2c31ea214ec0fffd687c8168fb StaticDependenciesID=2a8148ac93deaff588cfe6010f9dcaf5 
Importing 'GUID: 2aed67ad60045d54ba3a00c91e2d2631 - Path: Packages/com.unity.render-pipelines.universal/Shaders/PostProcessing/BokehDepthOfField.shader' with importer (ShaderImporter)
Imported 'GUID: 2aed67ad60045d54ba3a00c91e2d2631' -> (Import Result ID: 'd2985d9270f8ef9d6d5660d292b13afe') in 0.386 seconds [static and dynamic dependencies]. Details - ImportResultOutputID=52fe722069a5f1d7042310157af23f8a DependenciesID=84bbcac71738e30d850bef6d6397e405 StaticDependenciesID=3995aa36b639613aaa1b25a594672edc 
Importing 'GUID: 7b3e6785f5f6b634794df3a85a2a35da - Path: Packages/com.unity.render-pipelines.universal/Shaders/Utils/ComputeScreenSpaceReflection.shader' with importer (ShaderImporter)
Imported 'GUID: 7b3e6785f5f6b634794df3a85a2a35da' -> (Import Result ID: 'eaea9b7c39f7dfc4e8f20f88f69e3b46') in 0.201 seconds [static and dynamic dependencies]. Details - ImportResultOutputID=a8593b1ba21b7edea3786543f8fbea96 DependenciesID=80ebc2cd6a493774f2403492eb723e20 StaticDependenciesID=61df8e4ceeb2bb393ef67ff60342bc1a 
Importing 'GUID: 8b3d1e6f4c5a4d219a72f8e1c0b3d4a7 - Path: Packages/com.unity.render-pipelines.universal/Shaders/Utils/UIBackdropFilterComposite.shader' with importer (ShaderImporter)
Imported 'GUID: 8b3d1e6f4c5a4d219a72f8e1c0b3d4a7' -> (Import Result ID: 'c279cb677c517d22bb31a80a27d469f0') in 0.108 seconds [static and dynamic dependencies]. Details - ImportResultOutputID=9ab29197e121f44c4b87c99d826096cb DependenciesID=420225252b3967dcf4b0eafa70f89443 StaticDependenciesID=65aba461e4824710f743ac2021f84648 
Importing 'GUID: 0ca6dca7396eb48e5849247ffd444914 - Path: Packages/com.unity.render-pipelines.universal/Shaders/BakedLit.shader' with importer (ShaderImporter)
Imported 'GUID: 0ca6dca7396eb48e5849247ffd444914' -> (Import Result ID: '2a6586e6121feba43e051f9eb2028557') in 0.409 seconds [static and dynamic dependencies]. Details - ImportResultOutputID=b8f7001f9a666b865b79dccac82a4d88 DependenciesID=fe9ed610132f68942dd97542956c28a2 StaticDependenciesID=535f8891d4c89024a88cc5f6b47c830d 
Importing 'GUID: 6cda457ac28612740adb23da5d39ea92 - Path: Packages/com.unity.render-pipelines.universal/Shaders/PostProcessing/LensFlareDataDriven.shader' with importer (ShaderImporter)
Imported 'GUID: 6cda457ac28612740adb23da5d39ea92' -> (Import Result ID: 'f51b51157c0720abd389900cd46f2786') in 0.419 seconds [static and dynamic dependencies]. Details - ImportResultOutputID=9b0cc3e1a51f1386feec2a164276a336 DependenciesID=d1f7f99aedf8421aad4c2559323cd307 StaticDependenciesID=e548e9ea60e3c1304cd133784e9e3223 
Importing 'GUID: 8c3bb6de0c0e7c047b65c077249507e5 - Path: Packages/com.unity.render-pipelines.universal/Shaders/2D/Mesh2D-Unlit-Default.shader' with importer (ShaderImporter)
Imported 'GUID: 8c3bb6de0c0e7c047b65c077249507e5' -> (Import Result ID: '276c445183183c8660a266aa2900bee3') in 0.106 seconds [static and dynamic dependencies]. Details - ImportResultOutputID=95c554d54f85aa7662135a32d86c4df1 DependenciesID=3ea6cae6f2b3e658af363837431df3eb StaticDependenciesID=bc8e472e0597e934be3ce23d976017a3 
Importing 'GUID: 8c3ee818f2efa514c889881ccb2e95a2 - Path: Packages/com.unity.render-pipelines.universal/Shaders/Utils/StencilDitherMaskSeed.shader' with importer (ShaderImporter)
Imported 'GUID: 8c3ee818f2efa514c889881ccb2e95a2' -> (Import Result ID: 'e38ea7fdfdb950814d0344fe98a572d4') in 0.108 seconds [static and dynamic dependencies]. Details - ImportResultOutputID=25349d6adafa926208f6a128669fd42f DependenciesID=dad6a1e973ba2e4004ae36a28a6596a4 StaticDependenciesID=daf4b620001283178ee07192e8c4a8c9 
Importing 'GUID: 9c70c1a35ff15f340b38ea84842358bf - Path: Packages/com.unity.render-pipelines.universal/Shaders/PostProcessing/TemporalAA.shader' with importer (ShaderImporter)
Imported 'GUID: 9c70c1a35ff15f340b38ea84842358bf' -> (Import Result ID: '4e13528282a90576f351fe4aa448ac1f') in 0.183 seconds [static and dynamic dependencies]. Details - ImportResultOutputID=9bdfae2a186c93dcb41ace68dddae04b DependenciesID=4252e572816169166417a823acfa71a2 StaticDependenciesID=6b2f7802adfc424a167dd0a23e0a8bba 
Importing 'GUID: ec9fec698a3456d4fb18cf8bacb7a2bc - Path: Packages/com.unity.render-pipelines.universal/Shaders/PostProcessing/LutBuilderHdr.shader' with importer (ShaderImporter)
Imported 'GUID: ec9fec698a3456d4fb18cf8bacb7a2bc' -> (Import Result ID: 'f67605ee896dac2971617ef2a56845e7') in 0.116 seconds [static and dynamic dependencies]. Details - ImportResultOutputID=6c123f05155c2612e86cf5db92c49323 DependenciesID=1a208347cda55b6d3569df4f0ccd3b22 StaticDependenciesID=30ce9e1aaef1a398bef63b78151ea75f 
Importing 'GUID: 8d2bb70cbf9db8d4da26e15b26e74248 - Path: Packages/com.unity.render-pipelines.universal/Shaders/SimpleLit.shader' with importer (ShaderImporter)
Imported 'GUID: 8d2bb70cbf9db8d4da26e15b26e74248' -> (Import Result ID: '035ce692b222475d77cdeb7a2ccebb1f') in 0.719 seconds [static and dynamic dependencies]. Details - ImportResultOutputID=f132bce784f2c4fa107ff9fd5f9ad9a0 DependenciesID=b663e88c2006b7487eed16ef46fb369a StaticDependenciesID=b1e181c9316202b7dd7e76fcf2a7c1dc 
Importing 'GUID: 1edcd131364091c46a17cbff0b1de97a - Path: Packages/com.unity.render-pipelines.universal/Shaders/PostProcessing/CameraMotionBlur.shader' with importer (ShaderImporter)
Imported 'GUID: 1edcd131364091c46a17cbff0b1de97a' -> (Import Result ID: '7d889b44a1a88a2ff53141b620774dca') in 0.229 seconds [static and dynamic dependencies]. Details - ImportResultOutputID=443f8ada25e1b9431ef051e9e65a2d1c DependenciesID=caceb3b8c7a1fa6944462939d0b77515 StaticDependenciesID=ea1dc7b5ff3975de59694f60e979fecf 
Importing 'GUID: 4e90a8289da1f3943885176e4f83e35c - Path: Packages/com.unity.render-pipelines.universal/Shaders/2D/Mesh2D-Lit-Default.shader' with importer (ShaderImporter)
Imported 'GUID: 4e90a8289da1f3943885176e4f83e35c' -> (Import Result ID: 'c4b675fbd8ada980e8bf2ef43b519864') in 0.170 seconds [static and dynamic dependencies]. Details - ImportResultOutputID=d0e0a03fca10fad7f523d3e0b4456ff0 DependenciesID=61cdd1e32799018704422b22730f4a32 StaticDependenciesID=e02620ab6d384e65b9d3c0c60063cb1e 
Importing 'GUID: 5e7134d6e63e0bc47a1dd2669cedb379 - Path: Packages/com.unity.render-pipelines.universal/Shaders/PostProcessing/GaussianDepthOfField.shader' with importer (ShaderImporter)
Imported 'GUID: 5e7134d6e63e0bc47a1dd2669cedb379' -> (Import Result ID: 'be3175e3de6b3473648f9af2931bd92f') in 0.141 seconds [static and dynamic dependencies]. Details - ImportResultOutputID=9641a331fcddf9d3501f8a3c820ac28c DependenciesID=fcd8a7d1f5ee53db9e8aa789e83bf3f2 StaticDependenciesID=6e15655e31fcc1b2caa8582b5dab0e0f 
Importing 'GUID: 5ec81c81908db34429b4f6ddecadd3bd - Path: Packages/com.unity.render-pipelines.universal/Shaders/Nature/SpeedTree7Billboard.shader' with importer (ShaderImporter)
Imported 'GUID: 5ec81c81908db34429b4f6ddecadd3bd' -> (Import Result ID: 'ffba94df72e6ec8950fc66f0ac8643fe') in 0.455 seconds [static and dynamic dependencies]. Details - ImportResultOutputID=7de123596ccf1175cd7563771580c352 DependenciesID=905eba8b6f3b2f53c3ee22402b87c5fc StaticDependenciesID=122c89f3cdeb17319dc86cd8663de8c2 
Importing 'GUID: ee7e4c9a5f6364b688a332c67fc32cca - Path: Packages/com.unity.render-pipelines.universal/Shaders/ComplexLit.shader' with importer (ShaderImporter)
Imported 'GUID: ee7e4c9a5f6364b688a332c67fc32cca' -> (Import Result ID: 'ee8db4c0e84343d6f998749f3510f4d2') in 0.388 seconds [static and dynamic dependencies]. Details - ImportResultOutputID=340e56066cd0e4cdac4e0ba7104bfcee DependenciesID=3380a8fde4e73f9168ff84353cea49f4 StaticDependenciesID=84c88d490226a0ac5632d013cfa26f14 
Importing 'GUID: fe4f13c1004a07d4ea1e30bfd0326d9e - Path: Packages/com.unity.render-pipelines.universal/Runtime/RendererFeatures/OnTileUberPost.shader' with importer (ShaderImporter)
Imported 'GUID: fe4f13c1004a07d4ea1e30bfd0326d9e' -> (Import Result ID: '60e8407760e6269b83a98160925c45ed') in 0.180 seconds [static and dynamic dependencies]. Details - ImportResultOutputID=dfda853391e3da9e5d5a36e7d8c595b5 DependenciesID=cd9c8c08c8bc959da7882202f37217d1 StaticDependenciesID=38aa785d97c943327ef9f6d814852fd5 
Importing 'GUID: 0f4122b9a743b744abe2fb6a0a88868b - Path: Packages/com.unity.render-pipelines.universal/Shaders/Nature/SpeedTree7.shader' with importer (ShaderImporter)
Imported 'GUID: 0f4122b9a743b744abe2fb6a0a88868b' -> (Import Result ID: 'e8a24192767eccbc3682c7bf7e76c63a') in 0.282 seconds [static and dynamic dependencies]. Details - ImportResultOutputID=63618f64bf4001b66d023f7c032a4b1e DependenciesID=c97677a3c4dec5165772bd280c1826a0 StaticDependenciesID=df6455e7c1940810cb50c95a61a1b1aa 
Importing 'GUID: 0f854b35a0cf61a429bd5dcfea30eddd - Path: Packages/com.unity.render-pipelines.universal/Shaders/Utils/ScreenSpaceShadows.shader' with importer (ShaderImporter)
Imported 'GUID: 0f854b35a0cf61a429bd5dcfea30eddd' -> (Import Result ID: '079ef8d40b0377a6c5612e6d7e377560') in 0.101 seconds [static and dynamic dependencies]. Details - ImportResultOutputID=85a54000abe8ac6e7cacf0a85d8bce55 DependenciesID=c82939a60e9c1198ba882bd75dd836df StaticDependenciesID=318539a9cc841fe39493635da601e809 
Importing 'GUID: 3f6c848ca3d7bca4bbe846546ac701a1 - Path: Packages/com.unity.render-pipelines.universal/Shaders/2D/Light2D.shader' with importer (ShaderImporter)
Imported 'GUID: 3f6c848ca3d7bca4bbe846546ac701a1' -> (Import Result ID: '93f27e3fc778ef6c5741e325ae53c357') in 0.161 seconds [static and dynamic dependencies]. Details - ImportResultOutputID=64f249dd347edd424a94f5d2661854f7 DependenciesID=679a28c8d8cd5bf1ca53ec6d64063557 StaticDependenciesID=d880abda643c5e4de02ca26545bd41c4 
Importing 'GUID: 5f1864addb451f54bae8c86d230f736e - Path: Packages/com.unity.render-pipelines.universal/Shaders/PostProcessing/Bloom.shader' with importer (ShaderImporter)
Imported 'GUID: 5f1864addb451f54bae8c86d230f736e' -> (Import Result ID: '290fffb6fcf0d849438f43174e9badd6') in 0.217 seconds [static and dynamic dependencies]. Details - ImportResultOutputID=76bc9dcc4f108bc75cf1916d3f4b5b70 DependenciesID=1891c597c19a73d116bf047fda256bc6 StaticDependenciesID=de0fbdb54716c282165ad24e6cb6c0e6 
Importing 'GUID: 7f888aff2ac86494babad1c2c5daeee2 - Path: Packages/com.unity.render-pipelines.universal/Shaders/Utils/FallbackLoading.shader' with importer (ShaderImporter)
Imported 'GUID: 7f888aff2ac86494babad1c2c5daeee2' -> (Import Result ID: '7fb15d147b219e8f49947caa19e27aeb') in 0.080 seconds [static and dynamic dependencies]. Details - ImportResultOutputID=a727eca4b2f7416596ae09fc9a913bb2 DependenciesID=24a4fb1f5799cfc0a39a7ae384de7036 StaticDependenciesID=3110efd0a7bad11963d0e6936a91b1b2 
Importing 'GUID: cf852408f2e174538bcd9b7fda1c5ae7 - Path: Packages/com.unity.render-pipelines.universal/Shaders/Debug/DebugReplacement.shader' with importer (ShaderImporter)
Imported 'GUID: cf852408f2e174538bcd9b7fda1c5ae7' -> (Import Result ID: '99c55908b784777f65c8f061c368d1ba') in 0.130 seconds [static and dynamic dependencies]. Details - ImportResultOutputID=a2ffda40304d876a749112acc9d229e3 DependenciesID=ce28ee42f9ef46a987d498291a7b25a2 StaticDependenciesID=c6922ac31b7c3dd1b0aa94243b4399f2 
Importing 'GUID: 30fa68ce467463643a86b839ca0eb195 - Path: Packages/com.unity.render-pipelines.universal/Runtime/Materials/ArnoldStandardSurface/ArnoldStandardSurfaceTransparent.shadergraph' with importer (ScriptedImporter : Unity.ShaderGraph.Editor:UnityEditor.ShaderGraph:ShaderGraphImporter)
Imported 'GUID: 30fa68ce467463643a86b839ca0eb195' -> (Import Result ID: '2fe21704592bd19864a50c0804154774') in 2.162 seconds [static and dynamic dependencies]. Details - ImportResultOutputID=06dc10fc1ead4997276ba9d272963928 DependenciesID=99a79f0fd7e7676e09fb97ff725f3b01 StaticDependenciesID=af5b80e704ac285fea28663e21888f22 
Importing 'GUID: 80aa867ac363ac043847b06ad71604cd - Path: Packages/com.unity.render-pipelines.universal/Shaders/AutodeskInteractive/AutodeskInteractiveMasked.shadergraph' with importer (ScriptedImporter : Unity.ShaderGraph.Editor:UnityEditor.ShaderGraph:ShaderGraphImporter)
Imported 'GUID: 80aa867ac363ac043847b06ad71604cd' -> (Import Result ID: 'cde7e1e75516165ce91d7f1279dd89ac') in 0.555 seconds [static and dynamic dependencies]. Details - ImportResultOutputID=14524fb391fd794e82f06a8916646a08 DependenciesID=8906404dff1f7168623a686938805689 StaticDependenciesID=bac745bd408480f362ca81641423b31e 
Importing 'GUID: c109fab5d2bf5f64598ed69d2c16ceb3 - Path: Assets/XRI Starter Assets/TunnelingVignette/TunnelingVignetteSG.shadergraph' with importer (ScriptedImporter : Unity.ShaderGraph.Editor:UnityEditor.ShaderGraph:ShaderGraphImporter)
Imported 'GUID: c109fab5d2bf5f64598ed69d2c16ceb3' -> (Import Result ID: 'ae8fec1290acd1d4680bca3afa90b788') in 0.743 seconds [static and dynamic dependencies]. Details - ImportResultOutputID=9c435c3fec4ad2ce653679278021d0dc DependenciesID=1847d2fafda0040ef0fea3e6b53a5d3c StaticDependenciesID=e4024bbb43a1a1f19d6ca68e36339e80 
Importing 'GUID: e19b5bb6cb8e91e43b1b5d81a069296f - Path: Assets/XRI Starter Assets/Shaders/Unlit_Fresnel.shadergraph' with importer (ScriptedImporter : Unity.ShaderGraph.Editor:UnityEditor.ShaderGraph:ShaderGraphImporter)
Imported 'GUID: e19b5bb6cb8e91e43b1b5d81a069296f' -> (Import Result ID: '51f4b47194539219bbeb3bdab7828521') in 1.303 seconds [static and dynamic dependencies]. Details - ImportResultOutputID=9f8aa38e7f8af4b3afd7a71d5ef892b4 DependenciesID=0113d2e55103e0e089597d5c267c7c29 StaticDependenciesID=0b1efecb8db7c358b070514378d94b8c 
Importing 'GUID: a2407126e3372f64cacb75ed466a5621 - Path: Packages/com.unity.shadergraph/GraphTemplates/Cross Pipeline/0_Lit Basic.shadergraph' with importer (ScriptedImporter : Unity.ShaderGraph.Editor:UnityEditor.ShaderGraph:ShaderGraphImporter)
Imported 'GUID: a2407126e3372f64cacb75ed466a5621' -> (Import Result ID: '92c189da4ceffa8111ef5dbc82308a04') in 0.489 seconds [static and dynamic dependencies]. Details - ImportResultOutputID=78d9bf9f254fc58b831152ddac318592 DependenciesID=c4bf6843e8570e68b6d776e1c2167dcd StaticDependenciesID=536cfd781cd991dd821a78729f222cd9 
Importing 'GUID: 2476a2d151e824143af40dce1fc93a12 - Path: Packages/com.unity.shadergraph/GraphTemplates/Cross Pipeline/Unlit Simple.shadergraph' with importer (ScriptedImporter : Unity.ShaderGraph.Editor:UnityEditor.ShaderGraph:ShaderGraphImporter)
Imported 'GUID: 2476a2d151e824143af40dce1fc93a12' -> (Import Result ID: 'ac4689c95bec9707eaca835537a2fcdc') in 0.636 seconds [static and dynamic dependencies]. Details - ImportResultOutputID=4d1cfca6fe504346eabd7151dc7381b4 DependenciesID=2166be859c2fe3379da7f6a54f5e064b StaticDependenciesID=3fbb087469239fda3cec204b31ed2f51 
Importing 'GUID: 24a73dccd7b6fad4798be282f96a21f4 - Path: Packages/com.unity.render-pipelines.universal/Shaders/2D/VFXSpriteLit.shadergraph' with importer (ScriptedImporter : Unity.ShaderGraph.Editor:UnityEditor.ShaderGraph:ShaderGraphImporter)
Imported 'GUID: 24a73dccd7b6fad4798be282f96a21f4' -> (Import Result ID: '8d008de5df008c9dc1219bba8247a6f2') in 0.482 seconds [static and dynamic dependencies]. Details - ImportResultOutputID=6d0ead6171ff7fe794cabc94313d7a80 DependenciesID=279d1517fdaf95feba2ab16c8eb75170 StaticDependenciesID=48601dd25c295c599b16c215f2ecbe86 
Importing 'GUID: 44245ab89240f51459a5077d7145c452 - Path: Packages/com.unity.render-pipelines.universal/Runtime/Materials/PhysicalMaterial3DsMax/PhysicalMaterial3DsMax.shadergraph' with importer (ScriptedImporter : Unity.ShaderGraph.Editor:UnityEditor.ShaderGraph:ShaderGraphImporter)
Imported 'GUID: 44245ab89240f51459a5077d7145c452' -> (Import Result ID: '8bfcfe52a11e0a8515374538bd7e39ef') in 0.669 seconds [static and dynamic dependencies]. Details - ImportResultOutputID=0d13d5574d5e097cd9ae68963fc8611f DependenciesID=6d5bd2d3037a300f22114ef3dc8a03df StaticDependenciesID=42a796c37d22efb8ea0fced7f1244364 
Importing 'GUID: 740445f1490c01e4b8feacf8d9ab5e7f - Path: Assets/XRI Starter Assets/Shaders/Unlit_ShaderGraph.shadergraph' with importer (ScriptedImporter : Unity.ShaderGraph.Editor:UnityEditor.ShaderGraph:ShaderGraphImporter)
Imported 'GUID: 740445f1490c01e4b8feacf8d9ab5e7f' -> (Import Result ID: '152a700428c3cf95d380c0dc857d2772') in 0.505 seconds [static and dynamic dependencies]. Details - ImportResultOutputID=31e4b7a004b5172490e6803e73113504 DependenciesID=1dad20c82c251ddf6d9db2b5ba4ec66c StaticDependenciesID=a5fcc969424aa38b46f04c5b90cb99ac 
Importing 'GUID: 25a0ebb4827f3cc47a1af2c79005f65b - Path: Packages/com.unity.render-pipelines.universal/Editor/ShaderGraph/GraphTemplates/2D/1_2D Sprite Unlit.shadergraph' with importer (ScriptedImporter : Unity.ShaderGraph.Editor:UnityEditor.ShaderGraph:ShaderGraphImporter)
Imported 'GUID: 25a0ebb4827f3cc47a1af2c79005f65b' -> (Import Result ID: '44f23e3548d514cf2149973d43f69696') in 0.298 seconds [static and dynamic dependencies]. Details - ImportResultOutputID=4058f0f8c7cc3faf246ae33208e4c0eb DependenciesID=9d42120266be8ed02a79d6a2d644d286 StaticDependenciesID=c889c3ad91e733374ee6e5c29c47d518 
Importing 'GUID: a680d9a9f8b66514abbfd3ae1c8f77f7 - Path: Packages/com.unity.shadergraph/GraphTemplates/Cross Pipeline/2_Particle Lit.shadergraph' with importer (ScriptedImporter : Unity.ShaderGraph.Editor:UnityEditor.ShaderGraph:ShaderGraphImporter)
Imported 'GUID: a680d9a9f8b66514abbfd3ae1c8f77f7' -> (Import Result ID: '8bca0172ddd2eba281e3c54d58f9fdf9') in 2.035 seconds [static and dynamic dependencies]. Details - ImportResultOutputID=560bb983561752a91a91c2a8d35130f5 DependenciesID=ae81dae811853bb691e4ebc143edae07 StaticDependenciesID=797229ab3c79c3bd21487d5e550156ed 
Importing 'GUID: 0738648e2f2f84b489a2f0076b69e30a - Path: Packages/com.unity.render-pipelines.universal/Editor/ShaderGraph/GraphTemplates/UITKBasicTemplate.shadergraph' with importer (ScriptedImporter : Unity.ShaderGraph.Editor:UnityEditor.ShaderGraph:ShaderGraphImporter)
Imported 'GUID: 0738648e2f2f84b489a2f0076b69e30a' -> (Import Result ID: '9d039646dbdaf68b7cd1a032bdc98ef5') in 0.351 seconds [static and dynamic dependencies]. Details - ImportResultOutputID=d59f91c9ccdc007e19c93f9d2ed61793 DependenciesID=2330ce79df431bf1a7182b4524f834c3 StaticDependenciesID=f57391f59252c3c660874c1a2e92767a 
Importing 'GUID: 1716ff8c1e51af14280cc97fbcba3b11 - Path: Packages/com.unity.shadergraph/GraphTemplates/Cross Pipeline/1_Decal Material Volume.shadergraph' with importer (ScriptedImporter : Unity.ShaderGraph.Editor:UnityEditor.ShaderGraph:ShaderGraphImporter)
Imported 'GUID: 1716ff8c1e51af14280cc97fbcba3b11' -> (Import Result ID: '99580db4a79d3c07ecd96bc9f97371db') in 0.836 seconds [static and dynamic dependencies]. Details - ImportResultOutputID=850ba37bbf1bf8d25436f30d63e15686 DependenciesID=ef6e1e1b4d25062c98009356987571b0 StaticDependenciesID=e8d641af8b6dcad8fa8e3485043e713b 
Importing 'GUID: 3739e562a03fc0b4982d8aa66cc50865 - Path: Packages/com.unity.render-pipelines.universal/Runtime/Materials/ArnoldStandardSurface/ArnoldStandardSurface.shadergraph' with importer (ScriptedImporter : Unity.ShaderGraph.Editor:UnityEditor.ShaderGraph:ShaderGraphImporter)
Imported 'GUID: 3739e562a03fc0b4982d8aa66cc50865' -> (Import Result ID: '8181f04447c4606a4a8e7d716f6ee981') in 0.588 seconds [static and dynamic dependencies]. Details - ImportResultOutputID=31aae076604950049139dc893db8d543 DependenciesID=3e23c1a6f9271bef0a1866999a9dd275 StaticDependenciesID=0b3166c9b45f71c11d8691c47bb12cca 
Importing 'GUID: d7288f66e4fb0634c9afef98c31b722a - Path: Packages/com.unity.render-pipelines.universal/Shaders/2D/VFXSpriteUnlit.shadergraph' with importer (ScriptedImporter : Unity.ShaderGraph.Editor:UnityEditor.ShaderGraph:ShaderGraphImporter)
Imported 'GUID: d7288f66e4fb0634c9afef98c31b722a' -> (Import Result ID: '53b0c10c764291555901bfc0a6379f44') in 0.306 seconds [static and dynamic dependencies]. Details - ImportResultOutputID=53b82acffba86ffb49395d519f4aa38d DependenciesID=1ba1cf2ad1ecbd8c17511f47e7a34b3e StaticDependenciesID=7c146aad0b6fcb508fd6e490f8328949 
Importing 'GUID: 0927d29e476ce5843b1f7d2a96943c51 - Path: Assets/XRI Starter Assets/Shaders/Interactable.shadergraph' with importer (ScriptedImporter : Unity.ShaderGraph.Editor:UnityEditor.ShaderGraph:ShaderGraphImporter)
Imported 'GUID: 0927d29e476ce5843b1f7d2a96943c51' -> (Import Result ID: '8879404b572f899d64c20c4a6c81dbab') in 1.109 seconds [static and dynamic dependencies]. Details - ImportResultOutputID=a43df20324f1f0c99ebe9fb9af9df61e DependenciesID=4c2616c78d90f05cc282f42e756d7fa2 StaticDependenciesID=683797390cd6b3031ef666305d8d8144 
Importing 'GUID: 39144937a5efe954dac51acbbe54157e - Path: Packages/com.unity.shadergraph/GraphTemplates/Cross Pipeline/0_Decal Simple.shadergraph' with importer (ScriptedImporter : Unity.ShaderGraph.Editor:UnityEditor.ShaderGraph:ShaderGraphImporter)
Imported 'GUID: 39144937a5efe954dac51acbbe54157e' -> (Import Result ID: '93694e93abeda8df99b44c862bea2d0a') in 0.496 seconds [static and dynamic dependencies]. Details - ImportResultOutputID=4edfbcac52268a9621a76c7e124a4b9d DependenciesID=61c99f8e6deec887e53cd38e2b25435b StaticDependenciesID=44b17c0263b17b5a1f1d64bdcd72ffc8 
Importing 'GUID: 9920c1f1781549a46ba081a2a15a16ec - Path: Packages/com.unity.render-pipelines.universal/Shaders/Nature/SpeedTree8_PBRLit.shadergraph' with importer (ScriptedImporter : Unity.ShaderGraph.Editor:UnityEditor.ShaderGraph:ShaderGraphImporter)
Imported 'GUID: 9920c1f1781549a46ba081a2a15a16ec' -> (Import Result ID: 'aaaa41c11834895ef2c16e1589450556') in 1.988 seconds [static and dynamic dependencies]. Details - ImportResultOutputID=eaeb13795a98369d15fbdbbb6273b16d DependenciesID=9bf497b0a0cff539af55a40c8346786f StaticDependenciesID=62e4b8a3eb28c8d12b68e84ed50b4114 
Importing 'GUID: 1a207e3bee00db44b940e6f362a8e148 - Path: Packages/com.unity.render-pipelines.universal/Runtime/Materials/PhysicalMaterial3DsMax/PhysicalMaterial3DsMaxTransparent.shadergraph' with importer (ScriptedImporter : Unity.ShaderGraph.Editor:UnityEditor.ShaderGraph:ShaderGraphImporter)
Imported 'GUID: 1a207e3bee00db44b940e6f362a8e148' -> (Import Result ID: '75520bf90f30934ddc7e7a063ba60dbd') in 0.628 seconds [static and dynamic dependencies]. Details - ImportResultOutputID=b2afcf3639a4d2669d54e4c0cc41de4d DependenciesID=b531751a31b5a0dd8e807f05a96dd569 StaticDependenciesID=898d0961f4df79f17f0042f5a23d7d4d 
Importing 'GUID: 5a4a765e921b8554eb959f7cf697b3be - Path: Packages/com.unity.shadergraph/GraphTemplates/Cross Pipeline/UGUI Canvas Basic.shadergraph' with importer (ScriptedImporter : Unity.ShaderGraph.Editor:UnityEditor.ShaderGraph:ShaderGraphImporter)
Imported 'GUID: 5a4a765e921b8554eb959f7cf697b3be' -> (Import Result ID: 'e13bfd219618fa154232a4adb205a7bd') in 0.574 seconds [static and dynamic dependencies]. Details - ImportResultOutputID=921df62e1f946d859ac6eeedd94b84b8 DependenciesID=9cf5be5ee36daa8bf6d7079a98f4b73f StaticDependenciesID=773ed9598de245e2a072eb6b8eba5921 
Importing 'GUID: 9b4e681081e2b4c469111bb649e2f7ee - Path: Packages/com.unity.render-pipelines.universal/Shaders/Decal.shadergraph' with importer (ScriptedImporter : Unity.ShaderGraph.Editor:UnityEditor.ShaderGraph:ShaderGraphImporter)
Imported 'GUID: 9b4e681081e2b4c469111bb649e2f7ee' -> (Import Result ID: '78f48da115430c6746bd5ef946c9e8d5') in 0.339 seconds [static and dynamic dependencies]. Details - ImportResultOutputID=b399ad8c7de7e7539005aca276b87c03 DependenciesID=e8279304808a3dd020f37e19253c9897 StaticDependenciesID=aa93bc01171bb25c12a3bd2c6f6c8ee0 
Importing 'GUID: cbd3e1cc4ae141c42a30e33b4d666a61 - Path: Packages/com.unity.render-pipelines.universal/Shaders/Nature/SpeedTree9_URP.shadergraph' with importer (ScriptedImporter : Unity.ShaderGraph.Editor:UnityEditor.ShaderGraph:ShaderGraphImporter)
Imported 'GUID: cbd3e1cc4ae141c42a30e33b4d666a61' -> (Import Result ID: '158884ce2352bfd43b555e35c51dbf38') in 1.232 seconds [static and dynamic dependencies]. Details - ImportResultOutputID=2c520d46622510bcd6dfc1536441d7f4 DependenciesID=fa4c805700ac581b50a22fe679dbc11d StaticDependenciesID=48f70a8ef6aa5af10441ea78677fe262 
Importing 'GUID: fb6390f650ca44a5ba3246d8dda47927 - Path: Packages/com.unity.render-pipelines.universal/Shaders/FullscreenInvertColors.shadergraph' with importer (ScriptedImporter : Unity.ShaderGraph.Editor:UnityEditor.ShaderGraph:ShaderGraphImporter)
Imported 'GUID: fb6390f650ca44a5ba3246d8dda47927' -> (Import Result ID: 'f6bc5c6a672fa7a6fa9cc09f383ec329') in 0.969 seconds [static and dynamic dependencies]. Details - ImportResultOutputID=ab36576c8371175d5a2fa86b8f993ccd DependenciesID=ef06deaba154892a81e5d3e759345592 StaticDependenciesID=e2ee9604c8c1d6e1a3f463a3843c51ff 
Importing 'GUID: 5c81372d981403744adbdda4433c9c11 - Path: Packages/com.unity.render-pipelines.universal/Shaders/AutodeskInteractive/AutodeskInteractiveTransparent.shadergraph' with importer (ScriptedImporter : Unity.ShaderGraph.Editor:UnityEditor.ShaderGraph:ShaderGraphImporter)
Imported 'GUID: 5c81372d981403744adbdda4433c9c11' -> (Import Result ID: '0dacb625bff3ad36f52e5ec447f61859') in 2.377 seconds [static and dynamic dependencies]. Details - ImportResultOutputID=216c9c8bb0a1f91f4916fdc71bd91bfc DependenciesID=c7f8d383448426cb4fd301f33aae89ac StaticDependenciesID=819bb43a9ae682ab724748d19820eb40 
Importing 'GUID: bc3def193b270c649b041063a70a1a1f - Path: Packages/com.unity.render-pipelines.universal/Editor/ShaderGraph/GraphTemplates/Terrain Standard 4 Layers URP.shadergraph' with importer (ScriptedImporter : Unity.ShaderGraph.Editor:UnityEditor.ShaderGraph:ShaderGraphImporter)
Shader 'Hidden/Terrain/Terrain Standard 4 Layers URP': dependency 'AddPassShader' shader 'Hidden/Hidden/Terrain/Terrain Standard 4 Layers URP_AddPass' not found
Shader 'Hidden/Terrain/Terrain Standard 4 Layers URP': dependency 'BaseMapGenShader' shader 'Hidden/Hidden/Terrain/Terrain Standard 4 Layers URP_BaseMapGen' not found
Shader 'Hidden/Terrain/Terrain Standard 4 Layers URP': dependency 'AddPassShader' shader 'Hidden/Hidden/Terrain/Terrain Standard 4 Layers URP_AddPass' not found
Shader 'Hidden/Terrain/Terrain Standard 4 Layers URP': dependency 'BaseMapGenShader' shader 'Hidden/Hidden/Terrain/Terrain Standard 4 Layers URP_BaseMapGen' not found
Imported 'GUID: bc3def193b270c649b041063a70a1a1f' -> (Import Result ID: '12c4f6adb549907b0285c29f9349e145') in 4.070 seconds [static and dynamic dependencies]. Details - ImportResultOutputID=1be43524d9a2aaab8d5d6fa9b80ac6f2 DependenciesID=3816ec7e797343c4405ae47f3f4b4327 StaticDependenciesID=fc6a2a58743d287baca2266d12b8d913 
Importing 'GUID: 9d4e8ca8c5046914c87ca6ccef140dac - Path: Packages/com.unity.shadergraph/GraphTemplates/Cross Pipeline/UGUI Canvas Meter.shadergraph' with importer (ScriptedImporter : Unity.ShaderGraph.Editor:UnityEditor.ShaderGraph:ShaderGraphImporter)
Imported 'GUID: 9d4e8ca8c5046914c87ca6ccef140dac' -> (Import Result ID: '2a7b016eae8bbd5388de4f3ec0899cf2') in 0.586 seconds [static and dynamic dependencies]. Details - ImportResultOutputID=089e80e2c20d9ee264664ca74d1ca509 DependenciesID=8c610ed9ff94426dcdd1b041adc186ab StaticDependenciesID=1cdc862f899e9b1eb857a7901f03c56a 
Importing 'GUID: bde135b320597544b9ac325092409f8b - Path: Packages/com.unity.render-pipelines.universal/Editor/ShaderGraph/GraphTemplates/2D/0_2D Sprite Lit.shadergraph' with importer (ScriptedImporter : Unity.ShaderGraph.Editor:UnityEditor.ShaderGraph:ShaderGraphImporter)
Imported 'GUID: bde135b320597544b9ac325092409f8b' -> (Import Result ID: 'f99419d233c7853a3cc615ea81d29953') in 0.572 seconds [static and dynamic dependencies]. Details - ImportResultOutputID=36d57f0a1df3edaeb46dd55d6ba7efd3 DependenciesID=1806777c5c8da101d190714f1b019ff2 StaticDependenciesID=223bd376eb018f92eaf3144128395375 
Importing 'GUID: 0e9d5a909a1f7e84882a534d0d11e49f - Path: Packages/com.unity.render-pipelines.universal/Shaders/AutodeskInteractive/AutodeskInteractive.shadergraph' with importer (ScriptedImporter : Unity.ShaderGraph.Editor:UnityEditor.ShaderGraph:ShaderGraphImporter)
Imported 'GUID: 0e9d5a909a1f7e84882a534d0d11e49f' -> (Import Result ID: '8b8081beb725509725f0e80ebfb197ea') in 1.027 seconds [static and dynamic dependencies]. Details - ImportResultOutputID=46cfaed7dba16d9937508f7f49681677 DependenciesID=564287cc22b30a5aebe5bb53a22d095a StaticDependenciesID=a2f1398662494d2afe2b1104bb7297fc 
Importing 'GUID: 3e01bbae25716b24ea9da11102b44902 - Path: Packages/com.unity.render-pipelines.universal/Editor/ShaderGraph/GraphTemplates/UITKFullTemplate.shadergraph' with importer (ScriptedImporter : Unity.ShaderGraph.Editor:UnityEditor.ShaderGraph:ShaderGraphImporter)
Imported 'GUID: 3e01bbae25716b24ea9da11102b44902' -> (Import Result ID: '14dc50357174b817ed2abd258b037012') in 0.249 seconds [static and dynamic dependencies]. Details - ImportResultOutputID=47d7fae9046bfd3b35775527e5301466 DependenciesID=2de1bf339967a5ad567f2aea226fa675 StaticDependenciesID=787562bcd1feec6d227a8a658ecf76b0 
Importing 'GUID: aee84ce0dab81b049bb88017d78a63cd - Path: Packages/com.unity.shadergraph/GraphTemplates/Cross Pipeline/1_Lit Full.shadergraph' with importer (ScriptedImporter : Unity.ShaderGraph.Editor:UnityEditor.ShaderGraph:ShaderGraphImporter)
Imported 'GUID: aee84ce0dab81b049bb88017d78a63cd' -> (Import Result ID: '1ddb9662f377b647b462bc22fffb3887') in 1.831 seconds [static and dynamic dependencies]. Details - ImportResultOutputID=f7fe6fc70d07beb3a2d7c470d899e761 DependenciesID=8e9c58789b6c30725837967723c33967 StaticDependenciesID=c4a5bbbfe2b62d60f9f3ca43100ca59c 
Importing 'GUID: def488a52add6574d9f295a507032cb8 - Path: Packages/com.unity.shadergraph/GraphTemplates/Cross Pipeline/Terrain Simple.shadergraph' with importer (ScriptedImporter : Unity.ShaderGraph.Editor:UnityEditor.ShaderGraph:ShaderGraphImporter)
Shader 'Hidden/Terrain/Terrain Simple': dependency 'AddPassShader' shader 'Hidden/Hidden/Terrain/Terrain Simple_AddPass' not found
Shader 'Hidden/Terrain/Terrain Simple': dependency 'BaseMapGenShader' shader 'Hidden/Hidden/Terrain/Terrain Simple_BaseMapGen' not found
Shader 'Hidden/Terrain/Terrain Simple': dependency 'AddPassShader' shader 'Hidden/Hidden/Terrain/Terrain Simple_AddPass' not found
Shader 'Hidden/Terrain/Terrain Simple': dependency 'BaseMapGenShader' shader 'Hidden/Hidden/Terrain/Terrain Simple_BaseMapGen' not found
Imported 'GUID: def488a52add6574d9f295a507032cb8' -> (Import Result ID: '620cff985d6bfe1e448361bfe86cfec0') in 1.999 seconds [static and dynamic dependencies]. Details - ImportResultOutputID=1a062d9edff9d1928f3a295a54a51822 DependenciesID=0ad0699b45b652cbb10407ea2a2dbce6 StaticDependenciesID=ad647defe5b24f8479de74338a12b798 
Importing 'GUID: af66091e0eca0c04a9c3584ae867418a - Path: Packages/com.unity.shadergraph/GraphTemplates/Cross Pipeline/0_Particle Unlit.shadergraph' with importer (ScriptedImporter : Unity.ShaderGraph.Editor:UnityEditor.ShaderGraph:ShaderGraphImporter)
Imported 'GUID: af66091e0eca0c04a9c3584ae867418a' -> (Import Result ID: '8bd63d1859d658ce005902f4c547281a') in 0.985 seconds [static and dynamic dependencies]. Details - ImportResultOutputID=20f938c5abed0446e769c47036736388 DependenciesID=1dbdb1e804268c2ddb6d4eda8b66ca1a StaticDependenciesID=71bf97413bc97cb3f7c1638b3bc8ddda 
Importing 'GUID: bfad0aba0faa90547b68abd10bb6be86 - Path: Packages/com.unity.render-pipelines.universal/Editor/ShaderGraph/GraphTemplates/2D/2_2D Sprite Custom Lit.shadergraph' with importer (ScriptedImporter : Unity.ShaderGraph.Editor:UnityEditor.ShaderGraph:ShaderGraphImporter)
Imported 'GUID: bfad0aba0faa90547b68abd10bb6be86' -> (Import Result ID: '1894394cc4cd934347b526569e966378') in 0.769 seconds [static and dynamic dependencies]. Details - ImportResultOutputID=61bdaeabb69c195bdbe22be6f4169dfb DependenciesID=011590ba9a25901d50dd22bc66b2de53 StaticDependenciesID=61f6944c46c44ead2ebfc4906ed197fd 
Importing 'GUID: df41eefe8c13d444ca890dddbbc61f8d - Path: Packages/com.unity.render-pipelines.universal/Editor/ShaderGraph/GraphTemplates/Fullscreen Basic URP.shadergraph' with importer (ScriptedImporter : Unity.ShaderGraph.Editor:UnityEditor.ShaderGraph:ShaderGraphImporter)
Imported 'GUID: df41eefe8c13d444ca890dddbbc61f8d' -> (Import Result ID: '8abe0b9305b24a13b352db126e545853') in 0.379 seconds [static and dynamic dependencies]. Details - ImportResultOutputID=a5b6f2782d013530b234f741b7d1d781 DependenciesID=7b1989e4aeb8e50c71a253ade8ed1747 StaticDependenciesID=4ebf6b92dab8c9c0b807af3b1cddbae8 
Importing 'GUID: 20be25aac4e22ee49a7db76fb3df6de2 - Path: Packages/com.unity.render-pipelines.core/Runtime/Debug/ProbeSamplingDebugMesh.fbx' with importer (FBXImporter)
Imported 'GUID: 20be25aac4e22ee49a7db76fb3df6de2' -> (Import Result ID: '869f3402ab10d59d27667e8acad2888c') in 0.268 seconds [static and dynamic dependencies]. Details - ImportResultOutputID=ea25454d5293d18b923e9d5bc85f0255 DependenciesID=2caee4c011ca9fd5a6d006a136109fc8 StaticDependenciesID=b41dc741d3b38e857871fbfde8d2c11b 
Importing 'GUID: e053b8fbc416ba349b4a58a26410bba2 - Path: Assets/XRI Starter Assets/Models/Pinch_Pointer_LOD0.fbx' with importer (FBXImporter)
Imported 'GUID: e053b8fbc416ba349b4a58a26410bba2' -> (Import Result ID: 'a5ef255152220449ea0d0ac18382af22') in 0.137 seconds [static and dynamic dependencies]. Details - ImportResultOutputID=5005257f0a42487c64c4fe27460eafb8 DependenciesID=715d907a858bec9361dc03a0d10fb9b9 StaticDependenciesID=de4c901e114d665b5a1302d35de43cb5 
Importing 'GUID: b28fa67a0ff82c5478f27368dc627683 - Path: Packages/com.unity.render-pipelines.core/Runtime/RenderPipelineResources/Mesh/SamplesFixture.fbx' with importer (FBXImporter)
Imported 'GUID: b28fa67a0ff82c5478f27368dc627683' -> (Import Result ID: 'b7ad2b6ad02b53523fa633d84799d195') in 0.226 seconds [static and dynamic dependencies]. Details - ImportResultOutputID=1d03aadeee7a7c64e5c1ac467272f817 DependenciesID=533b041785304e780929660702800768 StaticDependenciesID=b981368b28ef3bf58091dc546987a2cb 
Importing 'GUID: 5833e680dc0f7ae47aec6b4286570484 - Path: Assets/XRI Starter Assets/TunnelingVignette/TunnelingVignetteHemisphere.fbx' with importer (FBXImporter)
Imported 'GUID: 5833e680dc0f7ae47aec6b4286570484' -> (Import Result ID: '54bbe66ac13d5fce0ac90c596fcb589c') in 0.108 seconds [static and dynamic dependencies]. Details - ImportResultOutputID=3e10707072f6ec3245511c4cd47b575b DependenciesID=fa81163e61a030c0074576810ff0637c StaticDependenciesID=de48d269b156f922151af7b297b92c56 
Importing 'GUID: 39857cfad1651644682ff5b772e6e697 - Path: Packages/com.unity.render-pipelines.core/Runtime/RenderPipelineResources/Mesh/UnityMaterialBall.fbx' with importer (FBXImporter)
Imported 'GUID: 39857cfad1651644682ff5b772e6e697' -> (Import Result ID: '5f73422d5cb888f8247e91c2cedd9b09') in 0.326 seconds [static and dynamic dependencies]. Details - ImportResultOutputID=551ae812988ee15024c5f68c3cd25dfe DependenciesID=86798dbf60c83666282626dca3aeb34b StaticDependenciesID=d14d6ef42b487f3f9ae51e1b60a99162 
Importing 'GUID: b9ae429aca254fa41966db24b9e53232 - Path: Packages/com.unity.render-pipelines.core/Runtime/RenderPipelineResources/Mesh/BackgroundMesh.fbx' with importer (FBXImporter)
Imported 'GUID: b9ae429aca254fa41966db24b9e53232' -> (Import Result ID: '54907f62f0b238cbf76ab934422cf4d4') in 0.123 seconds [static and dynamic dependencies]. Details - ImportResultOutputID=8140e85dc9db723bab507f87f7d36ed5 DependenciesID=06ee81550240116843bd212ca0ac9429 StaticDependenciesID=5c10559ba51675e219a9e509d25997f3 
Importing 'GUID: 7ab6f3b0fd1a6ba41b2a47766c16613f - Path: Assets/XRI Starter Assets/DemoAssets/Models/PushButton.fbx' with importer (FBXImporter)
Imported 'GUID: 7ab6f3b0fd1a6ba41b2a47766c16613f' -> (Import Result ID: '38ac0f105648b5d5902f97d7c529f110') in 0.100 seconds [static and dynamic dependencies]. Details - ImportResultOutputID=5420042256e99874abd6ceba79d71236 DependenciesID=0acda51307adcebcc4b52cdb7d2f16f5 StaticDependenciesID=6f42f9b5609054b7c7ec298f75bde4ac 
Importing 'GUID: 1dbf28c1bb322474d981b2dc555e28b0 - Path: Packages/com.unity.render-pipelines.core/Runtime/RenderPipelineResources/Mesh/SamplesFloorSpotlight.fbx' with importer (FBXImporter)
Imported 'GUID: 1dbf28c1bb322474d981b2dc555e28b0' -> (Import Result ID: '100ab73a88a634fda83ba61ef93a9007') in 0.105 seconds [static and dynamic dependencies]. Details - ImportResultOutputID=341dfef3a94be325bdc9cd553a88d78e DependenciesID=35873ea75b90e46852c924feca0b61d8 StaticDependenciesID=86289bc53f109e42814cfa71dde1bc96 
Importing 'GUID: 4e8732d4875cc0647b52b55a218072b6 - Path: Packages/com.unity.render-pipelines.core/Runtime/RenderPipelineResources/Mesh/SamplesSpotlightModel.fbx' with importer (FBXImporter)
Imported 'GUID: 4e8732d4875cc0647b52b55a218072b6' -> (Import Result ID: 'c51d9a03b1a7e64ae349952452ac2cee') in 0.129 seconds [static and dynamic dependencies]. Details - ImportResultOutputID=5b2d2eee420df1c62839b7204b0bbf27 DependenciesID=5e6aca45e7fb37d21d88eade7016462e StaticDependenciesID=a2252b034eb372dd2cefb9a68382bda9 
Importing 'GUID: 9e1c97fc44f9a8744b61b58f72c56de4 - Path: Packages/com.unity.render-pipelines.core/Editor/Resources/DebugProbe.fbx' with importer (FBXImporter)
Imported 'GUID: 9e1c97fc44f9a8744b61b58f72c56de4' -> (Import Result ID: 'e74a3db2c59ba93ca3a875f3e3af5a4f') in 0.101 seconds [static and dynamic dependencies]. Details - ImportResultOutputID=eda7b0eaa8127f84fde5af4c9b75308e DependenciesID=9992be3edc48d2d23d92f532f5960fd4 StaticDependenciesID=035765d2304d5566ec437897bf6452ed 
Importing 'GUID: 27024f5809f4a4347b9cd7f26a1bdf93 - Path: Assets/XRI Starter Assets/Prefabs/Interactors/Poke Interactor.prefab' with importer (PrefabImporter)
Imported 'GUID: 27024f5809f4a4347b9cd7f26a1bdf93' -> (Import Result ID: 'bff8e538b0f4596bec20fa93e8b8cc43') in 0.065 seconds [static and dynamic dependencies]. Details - ImportResultOutputID=52f9322f56b9eefb59735a2854f82436 DependenciesID=f548536c6c9e8057fda337bb6e262655 StaticDependenciesID=c940431f6a4a9e02638ff7bd80d3f951 
Launched and connected shader compiler UnityShaderCompiler.exe after 0.05 seconds
Refreshing native plugins compatible for Editor in 29.01 ms, found 7 plugins.

Asset Pipeline Refresh (id=c63fe626910362240b60bab7e602387e): Total: 58.780 seconds - Initiated by StopAssetImportingV2(NoUpdateAssetOptions)
	(Values over 0.05ms)
	Summary:
		Imports: total=113 (actual=112, local cache=1, cache server=0)
		Asset DB Process Time: managed=172 ms, native=57869 ms
		Asset DB Callback time: managed=95 ms, native=642 ms
		Scripting: domain reloads=0, domain reload time=0 ms, compile time=0 ms, other=0 ms
		Project Asset Count: scripts=1525, non-scripts=3987
		Asset File Changes: new=0, changed=2, moved=0, deleted=0
		Scan Filter Count: 2
	ApplyChangesToAssetFolders: 0.603ms
	Scan: 40.330ms
	Collect global state as custom dependencies: 31.815ms
	OnSourceAssetsModified: 0.105ms
	ProcessAssetsWithTransientArtifactChanges: 0.357ms
	CategorizeAssets: 216.544ms
	ImportOutOfDateAssets: 57726.617ms (1.045ms without children)
		ImportManagerImport: 57713.025ms (1444.735ms without children)
			UpdateCategorizedAssets: 17.686ms
		ReloadNativeAssets: 0.071ms
		UnloadImportedAssets: 8.453ms
		ReloadImportedAssets: 101.656ms
		EnsureUptoDateAssetsAreRegisteredWithGuidPM: 3.055ms
		ImportSchedulerStart: 0.934ms
	PostProcessAllAssets: 705.026ms
		ShaderAssetModifiedCallback 591.054ms
		XRBuildSystem.XRAssetImported 3.141ms
		ComputeShaderImportPostprocess 1.247ms
		RaytracingShaderImportPostprocess 0.778ms
		AssemblyValidation.PostprocessAllAssets 0.749ms
		PostProcessCallbackCreateDeferredMaterials 0.695ms
		SpeedTreeImporter.PostprocessAllAssets 0.320ms
		LocalizationDatabase.AssetDatabasePostprocessCallback 0.307ms
		BlockShaderImporter.PostprocessAllAssets 0.233ms
		MonoPostProcessAllAssets: 94.641ms
			ShaderGraphAssetPostProcessor.OnPostprocessAllAssets 42.952ms
			UniversalRenderPipelineGlobalSettingsPostprocessor.OnPostprocessAllAssets 14.358ms
			InputActionAssetPostprocessor.OnPostprocessAllAssets 6.506ms
			PostProcessor.OnPostprocessAllAssets 6.148ms
			InputActionJsonNameModifierAssetProcessor.OnPostprocessAllAssets 5.168ms
			ShaderReflectionAssetPostProcessor.OnPostprocessAllAssets 3.516ms
			MaterialPostprocessor.OnPostprocessAllAssets 3.500ms
			AssetPostprocessor.OnPostprocessAllAssets 2.403ms
			SyncVS.PostprocessSyncProject 1.997ms
			RenderPipelineGlobalSettingsPostprocessor.OnPostprocessAllAssets 1.477ms
			TextAssetPostProcessor.OnPostprocessAllAssets 1.127ms
			AssetChangedListener.OnPostprocessAllAssets 0.820ms
			SpeedTree9Postprocessor.OnPostprocessAllAssets 0.221ms
			TMPro_TexturePostProcessor.OnPostprocessAllAssets 0.202ms
			ModelAssetProcessor.OnPostprocessAllAssets 0.162ms
			RetainedModeAssetPostprocessor.OnPostprocessAllAssets 0.110ms
			BuilderAssetPostprocessor.OnPostprocessAllAssets 0.071ms
			ThemePostprocessor.OnPostprocessAllAssets 0.061ms
			ProjectSettingsPostprocessor.OnPostprocessAllAssets 0.051ms
	PostAssetChangesProfiler: 32.977ms
	GatherAllCurrentPrimaryImportResultRevisions: 1.284ms
	PersistCurrentRevisions: 2.036ms
	Untracked: 21.360ms

[ConfigureURP] DONE — active pipeline: VRLabURP (UnityEngine.Rendering.Universal.UniversalRenderPipelineAsset)
UnityEngine.Debug:ExtractStackTraceNoAlloc (byte*,int,string)
UnityEngine.StackTraceUtility:ExtractStackTrace ()
UnityEngine.DebugLogHandler:Internal_Log (UnityEngine.LogType,UnityEngine.LogOption,string,UnityEngine.Object)
UnityEngine.DebugLogHandler:LogFormat (UnityEngine.LogType,UnityEngine.Object,string,object[])
UnityEngine.Logger:Log (UnityEngine.LogType,object)
UnityEngine.Debug:Log (object)
VRLab.EditorTools.ConfigureURP:Apply () (at Assets/Editor/ConfigureURP.cs:56)

(Filename: Assets/Editor/ConfigureURP.cs Line: 56)

Launched and connected shader compiler UnityShaderCompiler.exe after 0.05 seconds
MonoPathRemapper: Attempts to remap: 16018; Successful remaps: 452
Launched and connected shader compiler UnityShaderCompiler.exe after 0.10 seconds
[Licensing::Client] Successfully resolved entitlement details
Launched and connected shader compiler UnityShaderCompiler.exe after 0.13 seconds
Launched and connected shader compiler UnityShaderCompiler.exe after 0.07 seconds
Launched and connected shader compiler UnityShaderCompiler.exe after 0.12 seconds
Launched and connected shader compiler UnityShaderCompiler.exe after 0.13 seconds
Serialized file version minimum: 23, current 23
[Physics::Module] Cleanup current backend.
[Physics::Module] Id: 0xf2b8ea05
Input System module state changed to: ShutdownInProgress.
Input Polling Thread exited.
Input System module state changed to: Shutdown.
[Licensing::IpcConnector] LicenseClient-khet3-notifications channel disconnected successfully.
[Licensing::IpcConnector] LicenseClient-khet3 channel disconnected successfully.
Lingering sessions upon destruction of worker manager
Unity Data Store service was successfully shut down
UDS shutting down local client system
Shut down UDS service system complete
AcceleratorClientConnectionCallback - disconnected - :0
Cleanup mono
CodeReloadManager destroyed
VBCSCompilerPreWarmer: requested VBCSCompiler shutdown
Checking for leaked weakptr:
  Found no leaked weakptrs.
[Package Manager] Server process was shutdown
##utp:{"type":"MemoryLeaks","version":2,"phase":"Immediate","time":1790514116365,"processId":35480,"allocatedMemory":19914729,"memoryLabels":[{"Default":216420},{"Permanent":15516},{"NewDelete":70455},{"Thread":4205680},{"Manager":34557},{"VertexData":8},{"Geometry":816},{"Texture":24},{"Shader":871800},{"Material":1982},{"GfxDevice":58008},{"Animation":952},{"Audio":1272},{"FreeType":8},{"FontEngine":736},{"Physics":1970},{"Physics2D":16},{"Serialization":17080},{"Input":42840},{"JobScheduler":256},{"TextLib":336},{"Mono":48},{"MonoCode":64},{"ScriptingNativeRuntime":1307568},{"BaseObject":27344},{"Resource":1252},{"Renderer":2376},{"Transform":4685},{"File":4416},{"WebCam":616},{"Culling":32},{"Terrain":11442},{"Wind":24},{"STL":40},{"String":648802},{"StaticString":3808},{"Utility":2673718},{"Curl":2478},{"PoolAlloc":2840},{"AI":80},{"TypeTree":17165},{"ScriptManager":12656},{"CodeReload":448},{"RuntimeInitializeOnLoadManager":64},{"Sprites":102},{"SpriteAtlas":120},{"GI":7816},{"Director":8296},{"CloudService":7440},{"WebRequest":669},{"VR":49794},{"SceneManager":608},{"Video":64},{"LazyScriptCache":32},{"Camera":729},{"Secure":2377},{"SerializationCache":9256},{"APIUpdating":10320},{"Subsystems":192},{"VirtualTexturing":57888},{"StaticSafetyDebugInfo":278528},{"Analytics":768},{"Hierarchy":1188},{"UIElements":40},{"CoreStats":14456},{"Identifiers":7152},{"Gui":128},{"EditorUtility":116176},{"VersionControl":8},{"Undo":931},{"AssetDatabase":9007173},{"AssetImporter":40},{"EditorGi":328},{"UnityConnect":40441},{"Upm":1912},{"UpmDiagnostics":8},{"AssetCompliance":96},{"DrivenProperties":72},{"LocalIPC":260},{"ProfilerEditor":9746},{"CoreBusinessMetrics":3600},{"Windowing":456},{"Licensing":12757},{"AssetReference":32},{"IPCStream":32}]}
~StackAllocator(ALLOC_TEMP_MAIN) m_LastAlloc not NULL. Did you forget to call FreeAllStackAllocations()? To get more information, run app with -diag-temp-memory-leak-validation cmd line argument
